-- MySQL dump 10.13  Distrib 8.0.31, for macos12 (x86_64)
--
-- Host: localhost    Database: final_project
-- ------------------------------------------------------
-- Server version	8.0.31

/*!40101 SET @OLD_CHARACTER_SET_CLIENT=@@CHARACTER_SET_CLIENT */;
/*!40101 SET @OLD_CHARACTER_SET_RESULTS=@@CHARACTER_SET_RESULTS */;
/*!40101 SET @OLD_COLLATION_CONNECTION=@@COLLATION_CONNECTION */;
/*!50503 SET NAMES utf8 */;
/*!40103 SET @OLD_TIME_ZONE=@@TIME_ZONE */;
/*!40103 SET TIME_ZONE='+00:00' */;
/*!40014 SET @OLD_UNIQUE_CHECKS=@@UNIQUE_CHECKS, UNIQUE_CHECKS=0 */;
/*!40014 SET @OLD_FOREIGN_KEY_CHECKS=@@FOREIGN_KEY_CHECKS, FOREIGN_KEY_CHECKS=0 */;
/*!40101 SET @OLD_SQL_MODE=@@SQL_MODE, SQL_MODE='NO_AUTO_VALUE_ON_ZERO' */;
/*!40111 SET @OLD_SQL_NOTES=@@SQL_NOTES, SQL_NOTES=0 */;

--
-- Table structure for table `customer_directory`
--

DROP TABLE IF EXISTS `customer_directory`;
/*!40101 SET @saved_cs_client     = @@character_set_client */;
/*!50503 SET character_set_client = utf8mb4 */;
CREATE TABLE `customer_directory` (
  `customer_id` varchar(45) NOT NULL,
  `person_id` varchar(45) DEFAULT NULL,
  `photo_path` varchar(45) DEFAULT NULL,
  `is_valid` tinyint(1) NOT NULL DEFAULT '0',
  PRIMARY KEY (`customer_id`),
  KEY `person_id_idx` (`person_id`),
  CONSTRAINT `person_id` FOREIGN KEY (`person_id`) REFERENCES `person_directory` (`person_id`)
) ENGINE=InnoDB DEFAULT CHARSET=utf8mb4 COLLATE=utf8mb4_0900_ai_ci;
/*!40101 SET character_set_client = @saved_cs_client */;

--
-- Dumping data for table `customer_directory`
--

LOCK TABLES `customer_directory` WRITE;
/*!40000 ALTER TABLE `customer_directory` DISABLE KEYS */;
INSERT INTO `customer_directory` VALUES ('107-06-5399','205-20-6582','https://?consequat=justo&dui=in&nec=hac&nisi=',0),('114-79-7974','750-44-9925','http://?ligula=tincidunt&nec=in&sem=leo&duis=',1),('125-86-4459','789-52-1837','https://?egestas=sit&metus=amet&aenean=cursus',0),('127-04-2449','501-63-8076','http://?odio=morbi&cras=vel&mi=lectus&pede=in',0),('130-07-1340','858-50-4937','http://?in=dis&leo=parturient&maecenas=montes',0),('130-19-6606','603-16-1961','http://?volutpat=cubilia&dui=curae&maecenas=d',1),('131-68-0669','191-31-5866','https://?porta=nisi&volutpat=volutpat&quam=el',0),('139-03-1552','179-90-5608','http://?ac=viverra&neque=eget&duis=congue&bib',0),('147-90-7095','362-79-7848','https://?eleifend=consectetuer&quam=adipiscin',0),('155-77-4974','731-25-9241','https://?faucibus=mattis&accumsan=egestas&odi',1),('158-76-6771','789-53-4728','http://?montes=sit&nascetur=amet',1),('162-14-8069','812-21-0619','http://?nulla=pede&eget=posuere&eros=nonummy&',1),('163-08-7208','482-24-0030','http://?nulla=integer&mollis=aliquet&molestie',1),('166-09-1228','191-31-5866','https://?nullam=a&sit=feugiat&amet=et&turpis=',0),('167-70-3548','636-62-2298','http://?ante=congue&nulla=risus&justo=semper&',1),('168-09-6656','185-74-1283','https://?est=convallis&risus=morbi&auctor=odi',1),('168-41-0114','201-92-7805','https://?etiam=porta&vel=volutpat&augue=quam&',0),('171-60-3553','342-28-2504','http://?duis=ridiculus&bibendum=mus&morbi=viv',1),('172-58-1114','721-99-4920','https://?lacinia=vivamus&sapien=metus&quis=ar',0),('186-96-6255','637-28-6282','http://?neque=interdum&sapien=venenatis&place',1),('187-44-2214','789-52-1837','http://?cubilia=ligula&curae=vehicula&nulla=c',0),('188-02-3509','673-24-6926','http://?pede=habitasse&morbi=platea&porttitor',1),('190-67-7076','185-74-1283','https://?pellentesque=at&volutpat=vulputate&d',1),('191-35-1450','121-12-9258','http://?congue=consectetuer&etiam=eget&justo=',1),('192-77-2305','289-05-9370','https://?ac=eleifend&leo=luctus&pellentesque=',1),('193-24-7689','486-47-2084','https://?tempus=mauris&vel=eget&pede=massa&mo',1),('198-06-9224','779-30-8952','https://?justo=ipsum&morbi=primis&ut=in&odio=',1),('198-75-4844','149-05-2738','http://?tincidunt=consequat&in=morbi&leo=a&ma',0),('199-55-4428','253-85-7096','https://?nisl=lectus&venenatis=suspendisse&la',1),('201-93-5642','745-01-5778','https://?dui=iaculis&maecenas=congue&tristiqu',1),('204-67-0109','857-49-0750','https://?adipiscing=ut&lorem=rhoncus&vitae=al',0),('207-55-2362','112-92-4524','https://?purus=bibendum&sit=morbi&amet=non&nu',0),('208-05-5950','636-62-2298','http://?et=consequat&tempus=metus&semper=sapi',0),('215-70-6321','503-51-9613','https://?phasellus=luctus&id=nec&sapien=moles',1),('222-38-9580','267-73-7841','http://?suspendisse=justo&accumsan=morbi&tort',0),('222-99-5522','534-24-0861','https://?faucibus=pede&orci=justo&luctus=eu&e',1),('231-65-7252','293-11-0827','http://?purus=proin&phasellus=eu&in=mi&felis=',0),('234-26-5123','415-42-9809','https://?tempus=neque&vivamus=aenean&in=aucto',0),('253-80-9600','482-24-0030','https://?quisque=eros&porta=viverra&volutpat=',0),('254-55-7893','534-24-0861','http://?venenatis=est&tristique=donec&fusce=o',1),('254-75-4748','188-02-3509','http://?aliquet=leo&maecenas=maecenas&leo=pul',0),('254-86-6936','357-70-5505','https://?neque=ut&aenean=odio&auctor=cras&gra',1),('257-39-2201','821-70-5733','http://?luctus=nec&et=molestie&ultrices=sed&p',0),('257-80-5675','771-23-4801','http://?congue=est&etiam=phasellus&justo=sit&',1),('261-47-3289','711-30-1896','https://?venenatis=amet&turpis=sem&enim=fusce',0),('265-77-6718','634-21-5074','https://?nec=sociis&condimentum=natoque&neque',1),('271-47-8069','228-40-9372','https://?et=diam&tempus=cras&semper=pellentes',0),('280-45-0354','636-62-2298','https://?mi=ut&pede=massa&malesuada=volutpat&',1),('287-16-8407','400-24-6255','https://?et=vitae&ultrices=quam&posuere=suspe',1),('288-27-6330','112-92-4524','http://?non=orci&lectus=luctus&aliquam=et&sit',1),('293-11-0827','635-89-4098','http://?dolor=molestie&sit=hendrerit&amet=at&',1),('295-66-4208','356-52-8384','https://?at=orci&nunc=vehicula&commodo=condim',1),('297-59-5696','518-12-2970','http://?imperdiet=ornare&et=imperdiet&commodo',0),('300-59-7209','522-58-6231','https://?phasellus=quis&in=lectus&felis=suspe',1),('301-77-3554','532-34-0682','http://?sociis=nulla&natoque=integer&penatibu',0),('302-53-4858','322-22-5041','http://?est=iaculis&donec=diam&odio=erat&just',1),('306-73-9932','750-44-9925','http://?lorem=et&integer=ultrices&tincidunt=p',1),('306-98-9262','731-25-9241','http://?ornare=in&imperdiet=libero&sapien=ut&',1),('308-85-1185','772-74-3341','http://?integer=ipsum&ac=praesent&neque=bland',1),('314-76-3386','211-36-9993','http://?orci=vel&eget=ipsum&orci=praesent&veh',1),('316-01-6497','198-75-4844','https://?mi=congue&pede=risus&malesuada=sempe',0),('319-89-8639','770-87-8288','https://?amet=mi&diam=sit&in=amet&magna=lobor',1),('323-83-3366','642-84-7216','https://?nascetur=adipiscing&ridiculus=lorem&',0),('326-95-0466','664-82-7537','https://?in=sed&consequat=sagittis&ut=nam&nul',1),('328-54-4733','357-70-5505','https://?nec=sed&sem=accumsan&duis=felis&aliq',1),('336-63-1772','211-36-9993','https://?odio=justo&justo=sollicitudin&sollic',1),('340-93-7007','857-49-0750','https://?pede=in&justo=imperdiet&eu=et&massa=',1),('359-59-6980','353-74-7212','https://?odio=parturient&curabitur=montes&con',1),('361-49-6242','815-52-6407','http://?consectetuer=lectus&adipiscing=pellen',1),('362-79-7848','237-99-7235','https://?vestibulum=nulla&rutrum=nunc&rutrum=',0),('364-30-4492','642-84-7216','https://?vel=augue&accumsan=vestibulum&tellus',1),('364-32-5361','522-58-6231','http://?in=lobortis&libero=convallis&ut=torto',0),('367-83-6731','121-12-9258','http://?luctus=suscipit&et=ligula&ultrices=in',1),('374-14-2759','772-74-3341','http://?dapibus=eget&duis=congue&at=eget&veli',0),('374-44-6442','788-75-9322','https://?justo=blandit&in=non&blandit=interdu',1),('374-83-0849','293-11-0827','http://?lorem=sapien&ipsum=varius&dolor=ut&si',1),('376-80-6683','211-36-9993','https://?mauris=proin&morbi=at&non=turpis&lec',1),('384-34-2397','894-48-2763','http://?maecenas=a&leo=libero&odio=nam&condim',1),('390-35-7161','560-19-9099','https://?leo=lectus&maecenas=pellentesque&pul',1),('398-86-9644','772-74-3341','https://?molestie=mauris&nibh=enim&in=leo&lec',1),('400-24-6255','772-70-4966','https://?nibh=sapien&ligula=varius&nec=ut&sem',0),('401-65-6124','476-07-5819','https://?ut=nam&erat=dui&id=proin&mauris=leo&',1),('402-61-3022','627-79-3491','https://?vel=quis&augue=turpis&vestibulum=sed',1),('408-27-9388','271-50-4639','http://?rutrum=magna&rutrum=vulputate&neque=l',1),('417-79-1928','458-36-4953','https://?pede=nibh&venenatis=in&non=hac&sodal',1),('421-81-7686','271-50-4639','http://?blandit=nulla&ultrices=nisl&enim=nunc',0),('422-98-9854','293-11-0827','http://?ut=vestibulum&ultrices=ante&vel=ipsum',1),('423-90-5882','857-49-0750','https://?eget=consequat&eleifend=varius&luctu',0),('426-97-5198','840-03-0760','https://?cubilia=diam&curae=erat&donec=fermen',0),('429-41-8361','779-30-8952','http://?tristique=morbi&est=porttitor&et=lore',0),('430-22-1477','342-28-2504','http://?donec=consequat&odio=metus&justo=sapi',0),('435-80-3258','415-42-9809','http://?odio=orci&justo=vehicula&sollicitudin',1),('443-65-2519','185-74-1283','https://?habitasse=lorem&platea=integer&dictu',1),('446-63-8988','789-52-1837','https://?rutrum=pharetra&rutrum=magna&neque=v',1),('451-37-2593','698-54-2116','https://?turpis=pede&sed=libero&ante=quis&viv',0),('451-49-5346','592-17-9157','https://?orci=a&luctus=odio&et=in&ultrices=ha',1),('451-96-3434','293-11-0827','https://?amet=placerat&turpis=ante&elementum=',1),('456-14-4279','518-12-2970','https://?non=congue&interdum=diam&in=id&ante=',1),('458-36-4953','571-12-4213','http://?suspendisse=ultrices&potenti=aliquet&',1),('460-29-7712','522-58-6231','http://?nulla=platea&sed=dictumst&vel=morbi&e',0),('472-69-3580','458-36-4953','http://?ut=vestibulum&ultrices=ante&vel=ipsum',1),('484-11-5246','661-33-9820','http://?in=ultricies&hac=eu&habitasse=nibh&pl',1),('498-30-2652','522-53-2283','http://?et=nisl&tempus=aenean&semper=lectus&e',1),('498-60-7188','840-03-0760','https://?ut=libero&tellus=nullam&nulla=sit&ut',1),('500-55-6096','400-24-6255','http://?non=dui&velit=luctus&donec=rutrum&dia',1),('503-55-3394','279-85-7315','https://?odio=vulputate&condimentum=vitae&id=',0),('510-09-5339','448-19-1536','http://?non=quis&velit=libero&donec=nullam&di',0),('515-59-0622','409-86-1854','https://?consequat=in&dui=leo&nec=maecenas&ni',1),('522-28-6025','613-92-7556','https://?lacinia=amet&nisi=sem&venenatis=fusc',1),('522-58-6231','438-50-0360','https://?morbi=eget&odio=eros&odio=elementum&',1),('523-28-0497','499-89-2562','https://?neque=leo&sapien=pellentesque&placer',1),('526-31-1876','797-48-2030','https://?mauris=natoque&laoreet=penatibus&ut=',0),('527-32-2013','293-11-0827','http://?nonummy=mattis&integer=egestas&non=me',1),('532-34-0682','592-87-3806','http://?non=neque&mauris=duis&morbi=bibendum&',0),('540-08-7175','458-36-4953','https://?ac=ipsum&nibh=integer&fusce=a&lacus=',0),('544-32-6184','276-95-4498','http://?nulla=augue&justo=luctus&aliquam=tinc',0),('544-34-2167','544-32-6184','http://?tempus=elit&vivamus=sodales&in=sceler',0),('550-49-3505','205-20-6582','http://?nunc=ultrices&rhoncus=phasellus&dui=i',1),('558-68-4683','782-18-6302','https://?et=id&ultrices=ligula&posuere=suspen',1),('563-92-2421','198-75-4844','https://?mattis=a&pulvinar=pede&nulla=posuere',0),('567-29-0076','637-28-6282','http://?phasellus=id&in=pretium&felis=iaculis',1),('568-14-9048','544-32-6184','https://?fusce=sem&consequat=praesent&nulla=i',1),('571-31-8873','261-38-0478','http://?vivamus=leo&vestibulum=maecenas&sagit',0),('574-55-3374','224-92-7132','https://?tempus=turpis&vel=donec&pede=posuere',1),('578-03-4705','603-16-1961','https://?amet=at&sapien=lorem&dignissim=integ',1),('580-83-9831','205-20-6582','http://?diam=fusce&erat=lacus&fermentum=purus',0),('581-70-8591','518-12-2970','https://?molestie=etiam&nibh=faucibus&in=curs',0),('582-32-5333','279-85-7315','https://?in=lectus&faucibus=in&orci=quam&luct',1),('584-61-6500','627-79-3491','https://?justo=mi&aliquam=in&quis=porttitor&t',1),('594-59-4191','711-30-1896','https://?quam=eget&fringilla=eros&rhoncus=ele',0),('595-17-3200','522-53-2283','http://?sem=interdum&fusce=mauris&consequat=n',1),('602-92-8943','315-46-0906','http://?et=at&commodo=lorem&vulputate=integer',0),('603-16-1961','592-05-3833','https://?id=tincidunt&luctus=lacus&nec=at&mol',0),('603-29-5179','340-59-1254','https://?eget=nec&eros=molestie&elementum=sed',0),('603-49-6724','522-58-6231','https://?hac=posuere&habitasse=felis&platea=s',1),('604-65-3273','386-74-3545','https://?consequat=lobortis&ut=ligula&nulla=s',0),('610-03-5244','133-25-7590','https://?lectus=a&vestibulum=feugiat&quam=et&',1),('613-10-0323','771-23-4801','http://?placerat=morbi&ante=porttitor&nulla=l',0),('614-16-8974','198-75-4844','https://?faucibus=faucibus&orci=orci&luctus=l',1),('617-46-6074','253-85-7096','https://?eu=nulla&magna=facilisi&vulputate=cr',1),('620-44-9060','613-92-7556','http://?lorem=nulla&ipsum=ultrices&dolor=aliq',0),('628-38-6373','482-24-0030','http://?massa=suspendisse&id=accumsan&nisl=to',1),('629-84-5594','482-24-0030','https://?velit=nunc&eu=proin&est=at&congue=tu',0),('633-86-4681','543-78-9831','http://?fusce=luctus&lacus=nec&purus=molestie',1),('634-21-5074','283-47-6876','https://?nam=curabitur&nulla=convallis&intege',0),('636-30-1504','582-62-2008','http://?sit=nam&amet=ultrices&eros=libero&sus',0),('639-02-5896','534-24-0861','http://?nibh=facilisi&in=cras&lectus=non&pell',1),('642-84-7216','861-43-3014','https://?sollicitudin=justo&ut=lacinia&suscip',1),('643-17-5299','179-90-5608','https://?suscipit=quisque&nulla=ut&elit=erat&',1),('643-39-0723','543-78-9831','http://?dictumst=semper&etiam=sapien&faucibus',1),('650-88-9690','544-32-6184','http://?hac=congue&habitasse=risus&platea=sem',0),('652-67-5349','788-75-9322','https://?nulla=aenean&integer=auctor&pede=gra',0),('653-10-3821','522-58-6231','http://?dignissim=semper&vestibulum=sapien',1),('653-90-2612','627-79-3491','https://?velit=fusce&vivamus=posuere&vel=feli',1),('668-54-0453','604-65-3273','https://?purus=suscipit&aliquet=a&at=feugiat&',0),('668-78-7443','711-30-1896','http://?elementum=neque&nullam=duis&varius=bi',1),('669-54-1526','560-19-9099','https://?morbi=eros&vel=viverra&lectus=eget&i',0),('674-46-2012','503-51-9613','http://?mattis=phasellus&odio=in&donec=felis&',0),('674-50-1303','534-24-0861','http://?iaculis=primis&congue=in&vivamus=fauc',0),('676-59-6384','789-52-1837','https://?nulla=vitae&tempus=quam&vivamus=susp',0),('676-68-9303','636-30-1504','https://?vestibulum=mauris&eget=viverra&vulpu',1),('677-01-2084','532-34-0682','https://?eget=ante&rutrum=ipsum&at=primis&lor',1),('677-67-3992','815-52-6407','http://?sed=quam&accumsan=nec&felis=dui&ut=lu',0),('689-29-4559','631-98-4613','http://?varius=auctor&ut=sed&blandit=tristiqu',0),('694-71-3967','689-29-4559','https://?nec=volutpat&sem=quam&duis=pede&aliq',1),('703-42-7610','458-36-4953','https://?dui=donec&nec=semper&nisi=sapien&vol',1),('706-11-7020','271-50-4639','https://?ligula=congue&pellentesque=diam&ultr',0),('709-94-9082','664-82-7537','https://?luctus=velit&rutrum=donec&nulla=diam',1),('710-35-0415','340-59-1254','https://?porta=at&volutpat=turpis&erat=donec&',0),('714-57-4052','253-85-7096','http://?vel=tincidunt&lectus=eu&in=felis&quam',0),('717-62-9771','376-38-4719','http://?vehicula=dui&condimentum=vel&curabitu',0),('724-29-2026','795-21-9171','https://?in=donec',1),('729-72-0548','745-01-5778','http://?cubilia=sagittis&curae=nam&nulla=cong',0),('733-28-7446','771-23-4801','http://?turpis=at&a=velit&pede=vivamus&posuer',1),('745-01-5778','163-70-4017','http://?elementum=aliquet&nullam=at&varius=fe',0),('747-34-6807','799-06-4842','http://?nisi=rhoncus&eu=sed&orci=vestibulum&m',0),('748-95-9981','592-17-9157','https://?odio=sagittis&consequat=nam&varius=c',1),('758-26-0897','609-52-8455','http://?ac=parturient',0),('759-21-2835','121-12-9258','http://?sit=orci&amet=vehicula&justo=condimen',1),('759-75-8472','217-01-3979','https://?metus=est&arcu=lacinia&adipiscing=ni',0),('759-92-2491','133-25-7590','https://?eu=platea&tincidunt=dictumst&in=maec',1),('761-80-1102','486-47-2084','http://?vitae=lobortis&consectetuer=convallis',0),('763-27-5826','651-79-9635','https://?sed=sed&sagittis=justo&nam=pellentes',1),('770-87-8288','682-69-9228','https://?proin=vestibulum&risus=proin&praesen',1),('776-83-6439','482-24-0030','http://?at=pede&nulla=justo&suspendisse=lacin',1),('777-08-0822','205-20-6582','https://?neque=proin&aenean=interdum&auctor=m',1),('778-57-3159','797-48-2030','https://?posuere=proin&nonummy=interdum&integ',0),('783-75-1426','750-44-9925','http://?nunc=vitae&purus=nisl&phasellus=aenea',1),('785-72-5867','788-75-9322','http://?imperdiet=iaculis&sapien=justo&urna=i',0),('789-52-1837','100-60-5694','https://?nulla=dui&ut=nec&erat=nisi&id=volutp',0),('793-60-4212','689-29-4559','https://?viverra=sagittis&diam=sapien&vitae=c',0),('795-21-9171','110-83-7019','http://?venenatis=est&tristique=et&fusce=temp',0),('799-12-6954','228-40-9372','https://?est=eu&risus=interdum&auctor=eu&sed=',0),('806-83-7417','871-01-2817','http://?iaculis=vulputate&justo=elementum&in=',0),('807-83-9009','592-17-9157','https://?amet=nulla&sapien=ultrices&dignissim',0),('813-69-5299','544-32-6184','https://?diam=nulla&erat=sed&fermentum=accums',0),('822-90-3096','271-50-4639','https://?diam=congue&vitae=eget&quam=semper&s',0),('830-61-1307','721-99-4920','http://?dapibus=maecenas&duis=rhoncus&at=aliq',0),('830-64-1846','','http://?sollicitudin=id&vitae=nisl&consectetu',0),('837-98-2677','185-74-1283','https://?aliquet=amet&maecenas=diam&leo=in&od',0),('838-51-3452','482-24-0030','https://?platea=lacinia&dictumst=erat&morbi=v',0),('840-03-0760','302-29-1469','https://?scelerisque=diam&quam=erat&turpis=fe',0),('840-32-7421','850-82-8656','https://?platea=luctus&dictumst=cum&morbi=soc',0),('843-29-1159','356-52-8384','http://?mi=suspendisse&sit=potenti&amet=in&lo',1),('844-10-6131','788-75-9322','https://?mi=nisi&in=venenatis&porttitor=trist',0),('851-36-7301','357-70-5505','http://?odio=magnis&justo=dis&sollicitudin=pa',0),('853-96-7003','503-51-9613','http://?tellus=justo&nulla=in&ut=blandit&erat',1),('857-25-3410','634-21-5074','https://?risus=morbi&semper=ut&porta=odio&vol',1),('858-50-4937','271-83-5629','https://?est=at&phasellus=nulla&sit=suspendis',0),('859-67-2201','185-74-1283','https://?vulputate=congue&luctus=elementum&cu',1),('863-34-4633','322-22-5041','http://?accumsan=convallis&odio=tortor&curabi',1),('865-13-7931','188-02-3509','http://?porta=in&volutpat=quam&quam=fringilla',1),('867-53-2725','409-86-1854','https://?molestie=ut&lorem=volutpat&quisque=s',0),('873-55-0078','518-12-2970','http://?felis=aliquam&ut=erat&at=volutpat&dol',1),('877-30-5474','133-25-7590','https://?ut=duis&volutpat=consequat&sapien=du',0),('878-92-5736','191-31-5866','http://?dui=sapien&maecenas=varius&tristique=',0),('883-35-1788','772-74-3341','http://?nec=pede&molestie=libero&sed=quis',1),('889-48-1019','112-92-4524','https://?pede=placerat&lobortis=ante',0),('893-85-7019','871-01-2817','https://?congue=donec&elementum=vitae&in=nisi',1),('896-03-4813','370-91-8781','http://?molestie=ut&sed=blandit&justo=non',1),('896-56-9595','486-47-2084','https://?nec=odio&molestie=cras&sed=mi&justo=',1);
/*!40000 ALTER TABLE `customer_directory` ENABLE KEYS */;
UNLOCK TABLES;

--
-- Table structure for table `dealer_order_collection`
--

DROP TABLE IF EXISTS `dealer_order_collection`;
/*!40101 SET @saved_cs_client     = @@character_set_client */;
/*!50503 SET character_set_client = utf8mb4 */;
CREATE TABLE `dealer_order_collection` (
  `order_id` varchar(45) NOT NULL,
  `weapon_id` varchar(45) DEFAULT NULL,
  `serial_no` varchar(45) DEFAULT NULL,
  `customer_id` varchar(45) DEFAULT NULL,
  `status` varchar(45) DEFAULT NULL,
  PRIMARY KEY (`order_id`),
  KEY `weapon_3_idx` (`weapon_id`),
  KEY `serial_no_idx` (`serial_no`),
  KEY `customer_id_idx` (`customer_id`),
  CONSTRAINT `customer_id` FOREIGN KEY (`customer_id`) REFERENCES `customer_directory` (`customer_id`),
  CONSTRAINT `serial_no` FOREIGN KEY (`serial_no`) REFERENCES `weapon_serial_directory` (`serial_no`),
  CONSTRAINT `weapon_3` FOREIGN KEY (`weapon_id`) REFERENCES `weapon_type_directory` (`weapon_id`)
) ENGINE=InnoDB DEFAULT CHARSET=utf8mb4 COLLATE=utf8mb4_0900_ai_ci;
/*!40101 SET character_set_client = @saved_cs_client */;

--
-- Dumping data for table `dealer_order_collection`
--

LOCK TABLES `dealer_order_collection` WRITE;
/*!40000 ALTER TABLE `dealer_order_collection` DISABLE KEYS */;
INSERT INTO `dealer_order_collection` VALUES ('0015275159','794-53-8925','8507939481','297-59-5696','Delivered'),('0020752253','488-31-2593','0643004270','540-08-7175','Shipped'),('0396447732','460-35-1827','2236471831','610-03-5244','Delivered'),('0577853880','769-31-2367','2240161930','759-21-2835','Confirmed'),('0603417302','794-53-8925','0971392838','503-55-3394','Out for Delievry'),('0686815092','863-71-0286','3104108706','669-54-1526','Shipped'),('0777942151','316-42-5044','2240161930','191-35-1450','Shipped'),('0854452397','884-48-8930','8912000403','155-77-4974','Out for Delievry'),('0928262723','730-31-2386','8619733559','544-34-2167','Shipped'),('0954286863','837-39-3143','6726881320','724-29-2026','Confirmed'),('0989316467','518-78-9186','7416685443','367-83-6731','Shipped'),('1183632983','700-92-5202','5026112994','610-03-5244','Delivered'),('1244974056','298-59-4308','4656325945','162-14-8069','Out for Delievry'),('1533294135','251-83-1756','6726881320','544-34-2167','Out for Delievry'),('1559599103','730-31-2386','0568044207','550-49-3505','Out for Delievry'),('1578496934','671-26-7383','6137101746','729-72-0548','Delivered'),('1588545903','504-73-8901','7749673229','674-46-2012','Delivered'),('1613442785','546-38-2877','1411627075','795-21-9171','Out for Delievry'),('1735555983','298-59-4308','2711156192','201-93-5642','Shipped'),('2180024231','834-89-1530','4332427149','362-79-7848','Delivered'),('2225643792','518-78-9186','7235898704','540-08-7175','Delivered'),('2226655956','758-07-8989','2236471831','837-98-2677','Delivered'),('2344626603','201-08-9985','1554582512','297-59-5696','Confirmed'),('2581304219','517-38-4287','7749673229','582-32-5333','Delivered'),('2748982088','837-39-3143','2487084421','668-78-7443','Delivered'),('2757187414','769-31-2367','6307790202','857-25-3410','Shipped'),('2838201999','700-92-5202','2711156192','783-75-1426','Shipped'),('2888418479','647-75-5955','1411627075','677-67-3992','Delivered'),('3077119781','251-83-1756','7235898704','107-06-5399','Shipped'),('3100955471','504-73-8901','6188872669','451-49-5346','Delivered'),('3137903300','647-75-5955','9265481579','568-14-9048','Out for Delievry'),('3159513203','100-21-6408','4841943528','668-78-7443','Out for Delievry'),('3228592561','504-73-8901','1219950017','568-14-9048','Shipped'),('3259663843','647-75-5955','4412529770','522-28-6025','Out for Delievry'),('3495307435','837-39-3143','8510656541','198-06-9224','Out for Delievry'),('3522366352','597-87-1504','8096802534','125-86-4459','Delivered'),('3561741320','100-21-6408','9220384264','653-90-2612','Shipped'),('3563629706','660-74-7451','4814175329','376-80-6683','Confirmed'),('3618751923','575-72-8917','5394989281','297-59-5696','Out for Delievry'),('3651662934','576-09-1547','4281562753','503-55-3394','Shipped'),('3660997757','597-87-1504','7235898704','302-53-4858','Delivered'),('3845872659','834-89-1530','5841798081','451-49-5346','Out for Delievry'),('4043108001','316-42-5044','1053748027','301-77-3554','Confirmed'),('4064846796','239-34-6633','7841037554','710-35-0415','Confirmed'),('4222182281','769-31-2367','1411627075','863-34-4633','Delivered'),('4305006634','298-59-4308','5026112994','677-67-3992','Out for Delievry'),('4341861077','466-07-9091','0874336570','265-77-6718','Out for Delievry'),('4344385616','769-31-2367','5516214041','421-81-7686','Confirmed'),('4350540881','460-35-1827','5003870027','896-56-9595','Out for Delievry'),('4361953147','504-73-8901','6515746172','620-44-9060','Shipped'),('4413054350','758-07-8989','2118540310','408-27-9388','Out for Delievry'),('4415095046','685-63-8735','8164353477','163-08-7208','Shipped'),('4471430157','671-26-7383','7828420900','603-16-1961','Delivered'),('4635855147','460-35-1827','4841943528','636-30-1504','Delivered'),('4762081159','389-48-0473','7943286804','458-36-4953','Confirmed'),('4771931461','517-49-5635','0167424165','323-83-3366','Confirmed'),('5115692783','251-83-1756','0568044207','336-63-1772','Delivered'),('5225588964','685-63-8735','6137101746','234-26-5123','Shipped'),('5282689898','100-21-6408','3853428525','745-01-5778','Shipped'),('5413660812','834-89-1530','7407651418','198-75-4844','Out for Delievry'),('5472543746','769-31-2367','8118514129','204-67-0109','Confirmed'),('5473663559','570-35-2666','7943286804','703-42-7610','Shipped'),('5646054184','794-53-8925','5877988387','603-29-5179','Delivered'),('5822571174','769-31-2367','5856339320','813-69-5299','Confirmed'),('5904127278','488-31-2593','5026112994','799-12-6954','Confirmed'),('5914064937','298-59-4308','9013212751','503-55-3394','Out for Delievry'),('5930415382','517-49-5635','4588197371','295-66-4208','Out for Delievry'),('5982652385','546-38-2877','0874336570','166-09-1228','Confirmed'),('6099319220','758-07-8989','8912000403','376-80-6683','Confirmed'),('6114849809','397-01-0897','9246055071','770-87-8288','Out for Delievry'),('6145426020','324-28-6655','1219950017','799-12-6954','Shipped'),('6204135147','700-92-5202','7416685443','799-12-6954','Shipped'),('6265272071','660-74-7451','4104033413','674-50-1303','Confirmed'),('6310907336','671-26-7383','4281562753','893-85-7019','Shipped'),('6340312470','769-31-2367','5186118141','759-92-2491','Out for Delievry'),('6482350887','316-42-5044','7548452985','374-14-2759','Shipped'),('6504992487','239-34-6633','6225041729','807-83-9009','Delivered'),('6523142558','292-12-3892','7237968521','384-34-2397','Out for Delievry'),('6582719246','251-83-1756','5516214041','643-39-0723','Delivered'),('6653517632','298-59-4308','3988297100','745-01-5778','Out for Delievry'),('6754953888','189-98-4048','4783062412','526-31-1876','Delivered'),('6761782937','576-09-1547','5516214041','503-55-3394','Confirmed'),('6775723962','100-21-6408','5856339320','158-76-6771','Shipped'),('6816626486','201-08-9985','0230189334','633-86-4681','Confirmed'),('6827889181','100-21-6408','4281562753','668-78-7443','Shipped'),('6867501362','324-28-6655','5921113875','402-61-3022','Confirmed'),('7029982835','201-08-9985','5186118141','676-59-6384','Out for Delievry'),('7068527302','837-39-3143','1194213898','367-83-6731','Shipped'),('7257279098','794-53-8925','3988297100','613-10-0323','Shipped'),('7497410415','397-01-0897','1554582512','280-45-0354','Out for Delievry'),('7623081772','488-31-2593','0971392838','187-44-2214','Delivered'),('7972634246','884-48-8930','6515746172','498-30-2652','Shipped'),('7987618128','466-07-9091','0971392838','865-13-7931','Out for Delievry'),('8389549646','324-28-6655','1053748027','813-69-5299','Shipped'),('8427366531','517-49-5635','0727188801','620-44-9060','Shipped'),('8447690237','316-42-5044','2004813806','231-65-7252','Confirmed'),('8593598064','863-71-0286','6307790202','426-97-5198','Shipped'),('8678101512','239-34-6633','1219950017','748-95-9981','Confirmed'),('8925277778','570-35-2666','3853428525','443-65-2519','Shipped'),('8932594414','794-53-8925','2487084421','125-86-4459','Out for Delievry'),('9048585767','647-75-5955','0230189334','451-37-2593','Out for Delievry'),('9085137837','769-31-2367','2004813806','642-84-7216','Shipped'),('9141249178','863-71-0286','5026112994','603-29-5179','Delivered'),('9291257184','316-42-5044','4971089853','426-97-5198','Shipped'),('9360398802','466-07-9091','2487084421','234-26-5123','Shipped'),('9407678245','517-49-5635','0971392838','190-67-7076','Confirmed'),('9410791014','517-49-5635','8619733559','190-67-7076','Out for Delievry'),('9427732806','884-48-8930','4992742491','584-61-6500','Delivered'),('9440353570','397-01-0897','2737440505','785-72-5867','Delivered'),('9443983443','518-78-9186','6137101746','532-34-0682','Shipped'),('9450987858','201-08-9985','8912000403','139-03-1552','Confirmed'),('9866858995','597-87-1504','1053748027','643-17-5299','Delivered'),('9929300074','517-49-5635','5944513616','215-70-6321','Delivered');
/*!40000 ALTER TABLE `dealer_order_collection` ENABLE KEYS */;
UNLOCK TABLES;

--
-- Table structure for table `department_directory`
--

DROP TABLE IF EXISTS `department_directory`;
/*!40101 SET @saved_cs_client     = @@character_set_client */;
/*!50503 SET character_set_client = utf8mb4 */;
CREATE TABLE `department_directory` (
  `dept_id` varchar(45) NOT NULL,
  `dept_name` varchar(45) DEFAULT NULL,
  `enterprise_id` varchar(45) DEFAULT NULL,
  PRIMARY KEY (`dept_id`),
  KEY `enterprise_id_idx` (`enterprise_id`),
  CONSTRAINT `enterprise_id` FOREIGN KEY (`enterprise_id`) REFERENCES `enterprise_directory` (`enterprise_id`)
) ENGINE=InnoDB DEFAULT CHARSET=utf8mb4 COLLATE=utf8mb4_0900_ai_ci;
/*!40101 SET character_set_client = @saved_cs_client */;

--
-- Dumping data for table `department_directory`
--

LOCK TABLES `department_directory` WRITE;
/*!40000 ALTER TABLE `department_directory` DISABLE KEYS */;
INSERT INTO `department_directory` VALUES ('106-88-1022','Services','332-50-3644'),('111-86-9902','Marketing','185-90-6702'),('120-56-4328','Accounting','282-70-5698'),('121-09-4927','Sales','117-35-8732'),('121-84-9378','Accounting','829-35-7879'),('125-80-0637','Accounting','536-97-5407'),('126-46-4168','Business Development','705-58-0313'),('171-47-8384','Training','467-79-4070'),('172-49-5790','Services','235-66-7632'),('186-92-0733','Engineering','638-84-7570'),('218-43-4678','Human Resources','846-83-9813'),('220-43-6836','Engineering','815-38-4748'),('256-19-4085','Engineering','321-06-0158'),('273-40-7245','Research and Development','327-36-3565'),('286-66-6434','Human Resources','282-70-5698'),('291-20-3279','Marketing','773-95-7886'),('304-06-9396','Marketing','420-36-3675'),('311-17-6586','Services','467-79-4070'),('316-95-7433','Human Resources','235-66-7632'),('341-54-4761','Engineering','588-34-7382'),('348-75-9311','Support','247-69-5514'),('350-33-9167','Marketing','773-95-7886'),('354-91-3557','Services','536-97-5407'),('373-28-1070','Research and Development','612-22-7090'),('376-92-3202','Product Management','626-39-8365'),('387-80-1331','Business Development','898-75-1875'),('389-19-9631','Services','789-21-7414'),('400-21-8627','Business Development','163-54-6388'),('401-38-7323','Research and Development','185-72-4151'),('401-70-0277','Services','185-72-4151'),('405-20-9752','Services','282-70-5698'),('410-65-7660','Product Management','155-47-2561'),('434-40-0787','Marketing','662-10-1657'),('439-50-5627','Research and Development','149-66-7317'),('448-80-4633','Training','637-08-1152'),('473-44-4809','Product Management','638-84-7570'),('478-32-4395','Human Resources','835-47-1039'),('482-08-4500','Support','249-53-2459'),('484-48-5548','Legal','835-47-1039'),('510-20-5096','Sales','747-63-5807'),('520-96-8880','Product Management','632-96-6817'),('530-67-8745','Legal','812-27-9412'),('534-10-2750','Marketing','354-93-0824'),('541-74-3989','Product Management','283-62-8350'),('547-27-6379','Training','197-55-1239'),('549-23-2957','Engineering','632-96-6817'),('549-60-1373','Engineering','165-96-5280'),('559-88-3821','Research and Development','332-50-3644'),('560-75-8709','Sales','332-50-3644'),('564-74-1598','Research and Development','290-26-0796'),('565-24-4961','Human Resources','467-79-4070'),('567-26-7199','Product Management','260-90-1629'),('585-87-6732','Accounting','462-10-0362'),('597-87-0558','Engineering','327-36-3565'),('601-48-2688','Marketing','836-59-6301'),('611-81-1249','Product Management','271-49-0828'),('614-10-4062','Business Development','685-62-8260'),('624-63-6086','Marketing','711-74-5007'),('636-46-3345','Engineering','165-96-5280'),('640-80-6539','Accounting','530-13-5148'),('644-64-7210','Engineering','773-95-7886'),('645-19-8862','Product Management','477-22-0524'),('659-60-6218','Services','685-62-8260'),('667-29-1196','Human Resources','420-36-3675'),('667-40-1406','Product Management','695-16-9352'),('682-21-5496','Legal','310-64-4813'),('682-89-2586','Research and Development','163-54-6388'),('687-60-4372','Accounting','282-70-5698'),('693-41-8487','Engineering','155-47-2561'),('707-51-0413','Engineering','122-66-7675'),('708-51-7091','Legal','123-24-0259'),('709-08-8223','Support','773-95-7886'),('727-96-7875','Research and Development','851-96-7298'),('730-33-3381','Human Resources','479-44-4834'),('730-74-7367','Human Resources','203-91-9733'),('743-84-7183','Research and Development','203-91-9733'),('748-37-2777','Product Management','536-97-5407'),('761-87-7938','Business Development','536-97-5407'),('772-17-8339','Product Management','812-27-9412'),('774-46-4879','Human Resources','530-13-5148'),('777-92-2243','Marketing','443-96-6211'),('788-98-0262','Marketing','160-44-6467'),('793-75-2907','Business Development','557-51-0345'),('794-49-8367','Accounting','344-93-8045'),('805-26-1897','Legal','812-27-9412'),('813-65-7948','Services','851-96-7298'),('822-78-3521','Sales','149-66-7317'),('831-33-0429','Legal','530-13-5148'),('840-85-0908','Services','194-49-4469'),('842-36-4826','Training','190-85-9246'),('847-14-2672','Business Development','533-68-9861'),('847-31-2502','Business Development','835-47-1039'),('848-82-4757','Legal','327-36-3565'),('856-14-2948','Engineering','422-25-5546'),('874-90-7001','Research and Development','787-91-7516'),('876-17-0545','Marketing','878-23-2101'),('876-97-8714','Engineering','533-68-9861'),('885-80-4269','Support','705-58-0313'),('889-91-2653','Research and Development','321-06-0158'),('893-79-7481','Marketing','388-96-2007');
/*!40000 ALTER TABLE `department_directory` ENABLE KEYS */;
UNLOCK TABLES;

--
-- Table structure for table `employee_directory`
--

DROP TABLE IF EXISTS `employee_directory`;
/*!40101 SET @saved_cs_client     = @@character_set_client */;
/*!50503 SET character_set_client = utf8mb4 */;
CREATE TABLE `employee_directory` (
  `emp_id` varchar(45) NOT NULL,
  `person_id` varchar(45) DEFAULT NULL,
  `enterprise_id` varchar(45) DEFAULT NULL,
  `dept_id` varchar(45) DEFAULT NULL,
  PRIMARY KEY (`emp_id`),
  KEY `dept_id_idx` (`dept_id`),
  KEY `enterprise_id_idx` (`enterprise_id`),
  KEY `person_id_idx` (`person_id`),
  CONSTRAINT `dept_id` FOREIGN KEY (`dept_id`) REFERENCES `department_directory` (`dept_id`),
  CONSTRAINT `id_enterprise` FOREIGN KEY (`enterprise_id`) REFERENCES `enterprise_directory` (`enterprise_id`),
  CONSTRAINT `id_person` FOREIGN KEY (`person_id`) REFERENCES `person_directory` (`person_id`)
) ENGINE=InnoDB DEFAULT CHARSET=utf8mb4 COLLATE=utf8mb4_0900_ai_ci;
/*!40101 SET character_set_client = @saved_cs_client */;

--
-- Dumping data for table `employee_directory`
--

LOCK TABLES `employee_directory` WRITE;
/*!40000 ALTER TABLE `employee_directory` DISABLE KEYS */;
INSERT INTO `employee_directory` VALUES ('100-40-7168','282-45-0352','333-67-5302','448-80-4633'),('119-79-6822','400-24-6255','536-97-5407','186-92-0733'),('130-04-1362','627-79-3491','443-96-6211','186-92-0733'),('145-45-1444','651-79-9635','427-17-3416','286-66-6434'),('173-91-0343','711-30-1896','685-62-8260','434-40-0787'),('181-81-4877','782-18-6302','638-84-7570','730-74-7367'),('191-36-7665','279-85-7315','290-26-0796','847-14-2672'),('196-33-0449','534-24-0861','321-06-0158','856-14-2948'),('197-64-1797','543-78-9831','836-59-6301','549-23-2957'),('197-97-1865','191-31-5866','362-74-4815','601-48-2688'),('212-12-8774','217-01-3979','260-90-1629','748-37-2777'),('226-86-5380','789-52-1837','836-59-6301','693-41-8487'),('227-74-2734','689-29-4559','149-66-7317','709-08-8223'),('228-59-3933','476-07-5819','810-09-5133','813-65-7948'),('236-28-4127','228-40-9372','662-10-1657','611-81-1249'),('236-45-3188','188-02-3509','747-63-5807','831-33-0429'),('263-91-7629','409-86-1854','533-68-9861','876-97-8714'),('276-33-4968','821-70-5733','122-66-7675','614-10-4062'),('280-10-4077','198-75-4844','862-37-7232','401-70-0277'),('289-75-0653','198-75-4844','122-66-7675','730-74-7367'),('301-12-6826','858-50-4937','271-49-0828','847-31-2502'),('301-19-6528','795-21-9171','477-22-0524','847-31-2502'),('304-64-5458','279-85-7315','260-90-1629','354-91-3557'),('307-25-0016','627-79-3491','477-22-0524','286-66-6434'),('309-70-1419','261-38-0478','645-84-0627','597-87-0558'),('311-94-2351','322-22-5041','247-69-5514','549-23-2957'),('313-99-2406','400-24-6255','327-36-3565','585-87-6732'),('331-54-1342','486-47-2084','160-44-6467','439-50-5627'),('343-77-7848','532-34-0682','758-45-5744','350-33-9167'),('350-96-0535','217-01-3979','810-09-5133','687-60-4372'),('359-98-3637','664-82-7537','185-72-4151','311-17-6586'),('369-65-9847','518-12-2970','843-59-3508','876-97-8714'),('383-16-5224','745-01-5778','462-10-0362','286-66-6434'),('406-43-2900','282-45-0352','344-93-8045','530-67-8745'),('409-37-6597','224-92-7132','477-22-0524','856-14-2948'),('412-23-5240','634-21-5074','530-13-5148','439-50-5627'),('416-71-8856','353-74-7212','163-54-6388','376-92-3202'),('448-44-1361','476-07-5819','165-96-5280','793-75-2907'),('451-49-4753','279-85-7315','213-01-6464','111-86-9902'),('455-33-4051','499-89-2562','758-45-5744','567-26-7199'),('456-01-6210','191-31-5866','443-96-6211','354-91-3557'),('456-46-2660','543-78-9831','846-83-9813','373-28-1070'),('484-10-3972','499-89-2562','835-47-1039','624-63-6086'),('491-22-4508','191-31-5866','557-51-0345','856-14-2948'),('522-10-0622','499-89-2562','612-22-7090','624-63-6086'),('532-71-5729','636-30-1504','711-74-5007','565-24-4961'),('584-35-2333','789-52-1837','462-10-0362','291-20-3279'),('586-20-0478','627-79-3491','122-66-7675','748-37-2777'),('591-44-8900','698-54-2116','283-62-8350','291-20-3279'),('602-55-6416','779-30-8952','279-33-1303','373-28-1070'),('603-19-6931','731-25-9241','203-84-8575','311-17-6586'),('606-37-5249','534-24-0861','637-06-9980','387-80-1331'),('611-53-6710','750-44-9925','781-24-5367','567-26-7199'),('615-35-2642','712-40-0395','194-49-4469','387-80-1331'),('620-04-6628','789-52-1837','229-24-8525','813-65-7948'),('620-85-7473','224-92-7132','588-34-7382','856-14-2948'),('620-96-7299','731-25-9241','327-36-3565','707-51-0413'),('636-72-2451','370-91-8781','689-68-8764','874-90-7001'),('645-14-9787','821-70-5733','628-87-9448','482-08-4500'),('647-07-7296','637-28-6282','662-10-1657','585-87-6732'),('647-98-8290','518-12-2970','117-35-8732','286-66-6434'),('649-36-4273','217-01-3979','163-54-6388','727-96-7875'),('654-44-7622','894-48-2763','325-44-6919','534-10-2750'),('655-48-0097','482-24-0030','674-87-6954','772-17-8339'),('663-29-6371','282-45-0352','127-03-4529','730-33-3381'),('670-90-3122','711-30-1896','685-62-8260','256-19-4085'),('671-89-7278','627-79-3491','705-58-0313','793-75-2907'),('674-69-5986','532-34-0682','197-55-1239','645-19-8862'),('675-02-9506','233-32-2363','127-03-4529','549-23-2957'),('680-70-4029','191-31-5866','829-35-7879','667-40-1406'),('690-91-8221','522-58-6231','325-44-6919','788-98-0262'),('694-52-6356','603-16-1961','810-09-5133','748-37-2777'),('703-94-9154','308-23-1672','354-93-0824','482-08-4500'),('711-20-8311','894-48-2763','628-87-9448','316-95-7433'),('714-53-9791','121-12-9258','462-10-0362','439-50-5627'),('717-52-1568','415-42-9809','817-31-1648','434-40-0787'),('718-54-8299','224-92-7132','711-74-5007','348-75-9311'),('725-78-2997','185-74-1283','562-03-0957','822-78-3521'),('745-34-5632','242-27-3595','235-66-7632','273-40-7245'),('748-70-7072','636-62-2298','711-74-5007','126-46-4168'),('751-11-0683','636-30-1504','235-66-7632','482-08-4500'),('764-39-3821','828-98-5696','638-84-7570','387-80-1331'),('770-78-5183','261-38-0478','789-21-7414','120-56-4328'),('771-83-7765','356-52-8384','588-34-7382','597-87-0558'),('781-03-5396','592-17-9157','229-24-8525','401-70-0277'),('782-63-3003','789-52-1837','310-64-4813','640-80-6539'),('791-94-2569','560-19-9099','279-33-1303','645-19-8862'),('833-15-1433','772-74-3341','695-16-9352','640-80-6539'),('846-82-4906','627-79-3491','155-47-2561','111-86-9902'),('853-49-7508','544-32-6184','155-47-2561','601-48-2688'),('859-14-5077','233-32-2363','815-38-4748','439-50-5627'),('861-63-7439','224-92-7132','674-87-6954','822-78-3521'),('861-97-1770','121-12-9258','543-32-7910','682-89-2586'),('861-99-2655','308-23-1672','637-08-1152','774-46-4879'),('862-98-0461','858-50-4937','781-24-5367','541-74-3989'),('873-05-4778','772-74-3341','165-96-5280','376-92-3202'),('876-18-3419','476-07-5819','249-53-2459','743-84-7183'),('884-36-3462','634-21-5074','344-93-8045','473-44-4809'),('897-89-0628','133-25-7590','862-37-7232','256-19-4085'),('898-50-6544','448-19-1536','190-85-9246','171-47-8384');
/*!40000 ALTER TABLE `employee_directory` ENABLE KEYS */;
UNLOCK TABLES;

--
-- Table structure for table `enterprise_directory`
--

DROP TABLE IF EXISTS `enterprise_directory`;
/*!40101 SET @saved_cs_client     = @@character_set_client */;
/*!50503 SET character_set_client = utf8mb4 */;
CREATE TABLE `enterprise_directory` (
  `enterprise_id` varchar(45) NOT NULL,
  `enterprise_name` varchar(45) DEFAULT NULL,
  PRIMARY KEY (`enterprise_id`)
) ENGINE=InnoDB DEFAULT CHARSET=utf8mb4 COLLATE=utf8mb4_0900_ai_ci;
/*!40101 SET character_set_client = @saved_cs_client */;

--
-- Dumping data for table `enterprise_directory`
--

LOCK TABLES `enterprise_directory` WRITE;
/*!40000 ALTER TABLE `enterprise_directory` DISABLE KEYS */;
INSERT INTO `enterprise_directory` VALUES ('104-71-6719','Kutch-Kub'),('117-35-8732','Lemke, Kessler and Thiel'),('122-66-7675','Quitzon-Metz'),('123-24-0259','Hoppe and Sons'),('127-03-4529','McCullough Group'),('149-66-7317','Schmeler, Mosciski and Rolfson'),('155-47-2561','Hermann and Sons'),('160-44-6467','Ryan-Gorczany'),('163-54-6388','Robel, Ward and Wolf'),('165-96-5280','Murazik-Senger'),('185-72-4151','Cormier, Lueilwitz and O\'Hara'),('185-90-6702','Bartoletti-Jakubowski'),('190-85-9246','Beatty, Stanton and Cartwright'),('194-49-4469','Collier-Braun'),('197-31-0740','Heaney, Emard and Smith'),('197-55-1239','Raynor-Harvey'),('201-87-5007','Brakus-Stehr'),('203-84-8575','Bins, Aufderhar and Schuppe'),('203-91-9733','MacGyver LLC'),('213-01-6464','Brekke Inc'),('223-05-0451','Windler and Sons'),('229-24-8525','Zemlak, Beahan and Cassin'),('235-66-7632','Treutel Inc'),('247-69-5514','Schneider, Yost and Mohr'),('249-53-2459','Cremin, Purdy and Jakubowski'),('260-90-1629','Ondricka LLC'),('271-49-0828','Bechtelar, Lynch and Runte'),('277-68-6424','Wolff and Sons'),('279-33-1303','Keeling LLC'),('282-70-5698','Lesch, Muller and Bauch'),('282-84-1302','Berge and Sons'),('283-62-8350','Abbott LLC'),('290-26-0796','Kihn-Rutherford'),('306-63-1344','Bernier, Lockman and Harvey'),('310-64-4813','Simonis and Sons'),('321-06-0158','Howell-Fahey'),('325-44-6919','Cruickshank-Weber'),('327-36-3565','Hand, White and Kessler'),('332-50-3644','Cremin-Moore'),('333-67-5302','Huels-Roob'),('344-93-8045','Haley-Moore'),('353-70-7861','Hilpert LLC'),('354-93-0824','Hessel, Von and Langosh'),('362-74-4815','Kling Group'),('388-96-2007','Bruen-Harvey'),('420-36-3675','Predovic LLC'),('422-25-5546','Kunde-Romaguera'),('427-17-3416','Towne Inc'),('443-96-6211','Stanton and Sons'),('462-10-0362','Terry, Ward and Kunde'),('467-79-4070','Brekke-Ortiz'),('477-22-0524','Deckow Group'),('479-44-4834','Gusikowski, Erdman and O\'Connell'),('504-70-0407','Emmerich, Friesen and Schuppe'),('530-13-5148','Will-Lind'),('533-68-9861','Skiles-Price'),('536-97-5407','Ritchie, McCullough and Harber'),('543-32-7910','Ritchie Group'),('557-51-0345','Hansen, Gutmann and Koch'),('562-03-0957','Quitzon, Hirthe and Jakubowski'),('588-34-7382','Connelly, Botsford and Adams'),('612-22-7090','O\'Conner, Cummings and Rempel'),('626-39-8365','Aufderhar Inc'),('628-87-9448','Schaden, Kreiger and Hammes'),('632-96-6817','Watsica, Abshire and Moen'),('637-06-9980','Yost LLC'),('637-08-1152','Wisozk and Sons'),('638-84-7570','Schuppe, Johns and Johnson'),('645-84-0627','Price, Crist and Jenkins'),('662-10-1657','Ward-Lehner'),('671-26-4457','Kutch-Hilll'),('674-87-6954','Boehm, Lesch and Weimann'),('677-72-0652','O\'Keefe LLC'),('685-62-8260','Ankunding LLC'),('689-68-8764','Kuvalis Inc'),('695-16-9352','Ritchie-Jacobson'),('705-58-0313','Toy Inc'),('711-74-5007','Crooks, Daniel and Moen'),('733-01-0560','Howe-Bode'),('747-63-5807','Stokes-Lynch'),('758-45-5744','Daugherty Group'),('773-95-7886','Mosciski Group'),('781-24-5367','Douglas LLC'),('787-91-7516','Lubowitz Group'),('789-21-7414','Weimann-Buckridge'),('810-09-5133','Watsica, Dibbert and Kautzer'),('812-27-9412','Carter and Sons'),('815-38-4748','Gusikowski, Mann and Stamm'),('815-96-0955','Ernser, Doyle and Sporer'),('817-31-1648','Gottlieb Group'),('829-35-7879','Lueilwitz-McCullough'),('835-47-1039','Labadie, Nitzsche and Stracke'),('836-59-6301','Upton and Sons'),('843-59-3508','Schmidt-Hessel'),('846-83-9813','Hilpert Group'),('851-96-7298','Kohler Inc'),('862-37-7232','VonRueden LLC'),('875-17-5520','Rempel, Jacobson and Beer'),('878-23-2101','Huel-Koch'),('898-75-1875','Orn Inc');
/*!40000 ALTER TABLE `enterprise_directory` ENABLE KEYS */;
UNLOCK TABLES;

--
-- Table structure for table `inventory_collection`
--

DROP TABLE IF EXISTS `inventory_collection`;
/*!40101 SET @saved_cs_client     = @@character_set_client */;
/*!50503 SET character_set_client = utf8mb4 */;
CREATE TABLE `inventory_collection` (
  `inventory_id` varchar(45) NOT NULL,
  `enterprise_id` varchar(45) DEFAULT NULL,
  `weapon_id` varchar(45) DEFAULT NULL,
  `quantity` int DEFAULT NULL,
  PRIMARY KEY (`inventory_id`),
  KEY `weapon_id_4_idx` (`weapon_id`),
  KEY `enterprise_id_1_idx` (`enterprise_id`),
  CONSTRAINT `enterprise_id_3` FOREIGN KEY (`enterprise_id`) REFERENCES `enterprise_directory` (`enterprise_id`),
  CONSTRAINT `weapon_id_4` FOREIGN KEY (`weapon_id`) REFERENCES `weapon_type_directory` (`weapon_id`)
) ENGINE=InnoDB DEFAULT CHARSET=utf8mb4 COLLATE=utf8mb4_0900_ai_ci;
/*!40101 SET character_set_client = @saved_cs_client */;

--
-- Dumping data for table `inventory_collection`
--

LOCK TABLES `inventory_collection` WRITE;
/*!40000 ALTER TABLE `inventory_collection` DISABLE KEYS */;
INSERT INTO `inventory_collection` VALUES ('124-69-4597','117-35-8732','321-43-1788',783),('130-25-5619','325-44-6919','794-53-8925',379),('133-44-2166','637-08-1152','517-38-4287',144),('135-23-3402','362-74-4815','758-07-8989',853),('155-55-5607','104-71-6719','576-09-1547',800),('157-48-1459','155-47-2561','460-35-1827',755),('163-05-1369','875-17-5520','575-72-8917',559),('163-17-2357','789-21-7414','769-31-2367',221),('184-06-0812','773-95-7886','576-09-1547',259),('185-38-1613','875-17-5520','863-71-0286',130),('188-61-9244','479-44-4834','767-76-7474',130),('193-82-0362','122-66-7675','324-28-6655',730),('193-85-4670','283-62-8350','739-47-7941',118),('201-56-7385','427-17-3416','769-31-2367',105),('206-56-6401','201-87-5007','147-13-7290',185),('208-62-5777','290-26-0796','660-74-7451',771),('209-28-3994','260-90-1629','100-21-6408',281),('221-14-2926','836-59-6301','837-39-3143',348),('221-94-3567','229-24-8525','460-35-1827',368),('223-03-3282','325-44-6919','546-38-2877',164),('232-57-7960','875-17-5520','189-98-4048',364),('253-50-7031','637-06-9980','201-08-9985',833),('262-40-0419','685-62-8260','575-72-8917',416),('265-23-6407','277-68-6424','397-01-0897',283),('265-41-3127','477-22-0524','488-31-2593',197),('278-20-9540','353-70-7861','671-26-7383',187),('280-25-0576','104-71-6719','671-26-7383',263),('292-05-7665','194-49-4469','292-12-3892',136),('295-90-8578','733-01-0560','267-88-2188',815),('299-18-0859','637-08-1152','518-78-9186',601),('304-74-0270','190-85-9246','518-78-9186',918),('318-72-5634','160-44-6467','239-34-6633',216),('327-89-3013','862-37-7232','460-35-1827',174),('334-44-2587','117-35-8732','488-31-2593',487),('336-84-6406','282-70-5698','769-31-2367',203),('343-84-6343','815-96-0955','488-31-2593',653),('350-73-4088','711-74-5007','466-07-9091',528),('351-26-7535','530-13-5148','488-31-2593',482),('353-51-2801','733-01-0560','794-53-8925',629),('365-21-2574','677-72-0652','546-38-2877',340),('369-39-0246','836-59-6301','700-92-5202',339),('374-55-1104','165-96-5280','758-07-8989',241),('374-90-8003','194-49-4469','863-71-0286',508),('376-39-8837','325-44-6919','739-47-7941',376),('384-66-4361','851-96-7298','292-12-3892',719),('395-55-0470','781-24-5367','298-59-4308',904),('420-03-8844','190-85-9246','504-73-8901',639),('424-61-2589','197-31-0740','884-48-8930',534),('426-73-5811','815-38-4748','647-75-5955',871),('429-05-1570','645-84-0627','739-47-7941',850),('458-03-2951','353-70-7861','575-72-8917',207),('495-98-6746','685-62-8260','267-88-2188',841),('496-24-7287','846-83-9813','518-78-9186',301),('497-33-4459','685-62-8260','517-49-5635',218),('499-64-8657','290-26-0796','576-09-1547',353),('499-76-6662','333-67-5302','884-48-8930',321),('502-96-7514','662-10-1657','576-09-1547',922),('503-03-8813','835-47-1039','460-35-1827',950),('509-43-9213','197-31-0740','517-38-4287',393),('524-43-2656','203-91-9733','837-39-3143',652),('526-32-1320','260-90-1629','147-13-7290',681),('531-51-5955','223-05-0451','189-98-4048',806),('536-09-9825','645-84-0627','292-12-3892',332),('536-98-8242','815-96-0955','834-89-1530',150),('538-07-3211','310-64-4813','884-48-8930',635),('560-59-4540','843-59-3508','546-38-2877',371),('568-27-4549','462-10-0362','267-88-2188',960),('570-12-9887','420-36-3675','685-63-8735',431),('574-79-5833','325-44-6919','147-13-7290',350),('581-76-0440','504-70-0407','671-26-7383',716),('582-81-5425','533-68-9861','660-74-7451',488),('587-52-7850','674-87-6954','767-76-7474',839),('597-98-2434','279-33-1303','546-38-2877',280),('612-51-3314','203-91-9733','769-31-2367',681),('617-58-9894','773-95-7886','517-49-5635',109),('631-24-1293','462-10-0362','575-72-8917',762),('637-95-0313','321-06-0158','837-39-3143',188),('661-70-7747','190-85-9246','700-92-5202',154),('668-24-9230','504-70-0407','837-39-3143',484),('680-66-0782','163-54-6388','518-78-9186',849),('684-65-7207','354-93-0824','730-31-2386',786),('684-96-6233','306-63-1344','239-34-6633',527),('691-83-6352','249-53-2459','201-08-9985',336),('697-32-4616','835-47-1039','518-78-9186',729),('703-82-8680','155-47-2561','546-38-2877',956),('711-85-3768','327-36-3565','834-89-1530',771),('745-43-0240','353-70-7861','321-43-1788',839),('765-59-0969','530-13-5148','292-12-3892',707),('775-71-9000','677-72-0652','739-47-7941',737),('784-25-1429','282-84-1302','794-53-8925',421),('786-66-1661','846-83-9813','389-48-0473',748),('793-55-3028','203-91-9733','316-42-5044',568),('793-56-1354','530-13-5148','551-17-8138',731),('829-31-9914','160-44-6467','767-76-7474',423),('837-52-5311','247-69-5514','739-47-7941',877),('844-83-7304','127-03-4529','517-38-4287',856),('852-99-0121','467-79-4070','597-87-1504',795),('872-28-9097','829-35-7879','267-88-2188',153),('877-27-5630','203-91-9733','397-01-0897',867),('897-31-8833','277-68-6424','488-31-2593',264);
/*!40000 ALTER TABLE `inventory_collection` ENABLE KEYS */;
UNLOCK TABLES;

--
-- Table structure for table `order_collection`
--

DROP TABLE IF EXISTS `order_collection`;
/*!40101 SET @saved_cs_client     = @@character_set_client */;
/*!50503 SET character_set_client = utf8mb4 */;
CREATE TABLE `order_collection` (
  `order_id` varchar(45) NOT NULL,
  `weapon_id` varchar(45) DEFAULT NULL,
  `quantity` int DEFAULT NULL,
  `source_id` varchar(45) DEFAULT NULL,
  `reciever_id` varchar(45) DEFAULT NULL,
  `status` varchar(45) DEFAULT NULL,
  PRIMARY KEY (`order_id`),
  KEY `id_weapon_idx` (`weapon_id`),
  KEY `code_enterprise_idx` (`source_id`),
  KEY `code_enterprise_1_idx` (`reciever_id`),
  CONSTRAINT `code_enterprise` FOREIGN KEY (`source_id`) REFERENCES `enterprise_directory` (`enterprise_id`),
  CONSTRAINT `code_enterprise_1` FOREIGN KEY (`reciever_id`) REFERENCES `enterprise_directory` (`enterprise_id`),
  CONSTRAINT `id_weapon` FOREIGN KEY (`weapon_id`) REFERENCES `weapon_type_directory` (`weapon_id`)
) ENGINE=InnoDB DEFAULT CHARSET=utf8mb4 COLLATE=utf8mb4_0900_ai_ci;
/*!40101 SET character_set_client = @saved_cs_client */;

--
-- Dumping data for table `order_collection`
--

LOCK TABLES `order_collection` WRITE;
/*!40000 ALTER TABLE `order_collection` DISABLE KEYS */;
INSERT INTO `order_collection` VALUES ('0002173360','518-78-9186',542,'536-97-5407','277-68-6424','Out for Delievry'),('0009798048','570-35-2666',924,'638-84-7570','213-01-6464','Out for Delievry'),('0188407820','267-88-2188',980,'662-10-1657','733-01-0560','Out for Delievry'),('0267195117','671-26-7383',392,'185-72-4151','344-93-8045','Delivered'),('0287430871','794-53-8925',376,'773-95-7886','632-96-6817','Shipped'),('0345224477','389-48-0473',813,'325-44-6919','235-66-7632','Delivered'),('0512590141','239-34-6633',133,'628-87-9448','851-96-7298','Shipped'),('0705958000','267-88-2188',194,'333-67-5302','533-68-9861','Out for Delievry'),('0776862820','488-31-2593',462,'282-70-5698','612-22-7090','Out for Delievry'),('0908918267','189-98-4048',931,'282-70-5698','279-33-1303','Shipped'),('0931484421','834-89-1530',866,'815-38-4748','588-34-7382','Delivered'),('0956330525','863-71-0286',296,'427-17-3416','781-24-5367','Delivered'),('1001346564','570-35-2666',290,'344-93-8045','249-53-2459','Confirmed'),('1157153178','575-72-8917',790,'810-09-5133','685-62-8260','Shipped'),('1188497448','570-35-2666',164,'843-59-3508','711-74-5007','Delivered'),('1341194299','863-71-0286',971,'747-63-5807','249-53-2459','Confirmed'),('1480110566','575-72-8917',560,'479-44-4834','789-21-7414','Delivered'),('1569835446','518-78-9186',947,'223-05-0451','758-45-5744','Out for Delievry'),('1611721156','884-48-8930',543,'812-27-9412','645-84-0627','Confirmed'),('1817665022','863-71-0286',534,'812-27-9412','632-96-6817','Confirmed'),('1857410734','546-38-2877',316,'353-70-7861','283-62-8350','Out for Delievry'),('1989204325','863-71-0286',302,'637-06-9980','127-03-4529','Out for Delievry'),('2583295888','316-42-5044',425,'695-16-9352','674-87-6954','Out for Delievry'),('2707019240','758-07-8989',272,'781-24-5367','562-03-0957','Delivered'),('2812887281','767-76-7474',135,'117-35-8732','388-96-2007','Confirmed'),('3114023568','397-01-0897',937,'127-03-4529','104-71-6719','Confirmed'),('3160015270','466-07-9091',129,'758-45-5744','333-67-5302','Out for Delievry'),('3239924501','460-35-1827',517,'812-27-9412','689-68-8764','Delivered'),('3280426847','504-73-8901',370,'612-22-7090','321-06-0158','Confirmed'),('3310148785','551-17-8138',444,'557-51-0345','190-85-9246','Out for Delievry'),('3516832800','730-31-2386',915,'829-35-7879','117-35-8732','Confirmed'),('3619893969','758-07-8989',530,'325-44-6919','185-72-4151','Out for Delievry'),('3652601734','647-75-5955',778,'645-84-0627','247-69-5514','Out for Delievry'),('3753055905','884-48-8930',835,'332-50-3644','862-37-7232','Out for Delievry'),('3936208689','570-35-2666',829,'310-64-4813','427-17-3416','Delivered'),('3960359667','570-35-2666',459,'104-71-6719','477-22-0524','Confirmed'),('4102851445','316-42-5044',122,'149-66-7317','163-54-6388','Confirmed'),('4403258484','837-39-3143',122,'203-91-9733','160-44-6467','Out for Delievry'),('4426287731','292-12-3892',343,'817-31-1648','249-53-2459','Shipped'),('4532148502','267-88-2188',180,'632-96-6817','536-97-5407','Delivered'),('4571933657','551-17-8138',707,'422-25-5546','247-69-5514','Out for Delievry'),('4739772213','251-83-1756',280,'354-93-0824','836-59-6301','Out for Delievry'),('4793603505','631-36-3202',193,'733-01-0560','160-44-6467','Out for Delievry'),('4795424675','292-12-3892',223,'201-87-5007','327-36-3565','Shipped'),('4844528521','647-75-5955',337,'626-39-8365','310-64-4813','Confirmed'),('4972624663','685-63-8735',444,'557-51-0345','557-51-0345','Out for Delievry'),('5180884209','251-83-1756',669,'321-06-0158','327-36-3565','Delivered'),('5197259094','863-71-0286',715,'197-55-1239','851-96-7298','Delivered'),('5306212115','316-42-5044',235,'835-47-1039','836-59-6301','Out for Delievry'),('5651670408','517-49-5635',315,'362-74-4815','235-66-7632','Delivered'),('5702875281','488-31-2593',385,'332-50-3644','705-58-0313','Delivered'),('5703423465','730-31-2386',417,'344-93-8045','695-16-9352','Out for Delievry'),('6014538690','730-31-2386',662,'645-84-0627','122-66-7675','Shipped'),('6164550807','758-07-8989',265,'283-62-8350','843-59-3508','Out for Delievry'),('6166672330','551-17-8138',544,'201-87-5007','846-83-9813','Confirmed'),('6325011570','660-74-7451',465,'733-01-0560','290-26-0796','Delivered'),('6328506597','267-88-2188',956,'310-64-4813','878-23-2101','Shipped'),('6526816649','660-74-7451',935,'829-35-7879','362-74-4815','Confirmed'),('6725779697','100-21-6408',198,'846-83-9813','562-03-0957','Confirmed'),('6754156643','147-13-7290',649,'846-83-9813','279-33-1303','Delivered'),('6784687779','316-42-5044',906,'122-66-7675','733-01-0560','Out for Delievry'),('6810223231','739-47-7941',539,'843-59-3508','223-05-0451','Confirmed'),('6840246310','189-98-4048',371,'533-68-9861','249-53-2459','Shipped'),('6852498271','292-12-3892',582,'530-13-5148','344-93-8045','Shipped'),('7147251342','321-43-1788',741,'194-49-4469','815-38-4748','Delivered'),('7173446368','517-49-5635',459,'321-06-0158','628-87-9448','Shipped'),('7261338877','631-36-3202',772,'467-79-4070','190-85-9246','Delivered'),('7265626567','671-26-7383',635,'344-93-8045','628-87-9448','Shipped'),('7295318933','884-48-8930',640,'282-70-5698','223-05-0451','Out for Delievry'),('7388398317','794-53-8925',752,'155-47-2561','353-70-7861','Shipped'),('7865698682','517-49-5635',224,'277-68-6424','543-32-7910','Confirmed'),('7913108134','147-13-7290',936,'165-96-5280','875-17-5520','Out for Delievry'),('7944081289','647-75-5955',491,'875-17-5520','354-93-0824','Out for Delievry'),('7956045738','201-08-9985',931,'810-09-5133','149-66-7317','Out for Delievry'),('7985617620','298-59-4308',934,'851-96-7298','632-96-6817','Confirmed'),('7986500484','292-12-3892',695,'229-24-8525','123-24-0259','Shipped'),('8040912008','292-12-3892',703,'249-53-2459','277-68-6424','Shipped'),('8129625466','647-75-5955',844,'628-87-9448','536-97-5407','Confirmed'),('8254818258','389-48-0473',736,'817-31-1648','787-91-7516','Shipped'),('8310604963','460-35-1827',113,'477-22-0524','533-68-9861','Delivered'),('8312593101','147-13-7290',910,'327-36-3565','310-64-4813','Out for Delievry'),('8435897133','671-26-7383',344,'674-87-6954','443-96-6211','Out for Delievry'),('8440278705','251-83-1756',749,'197-55-1239','165-96-5280','Shipped'),('8498689597','794-53-8925',487,'332-50-3644','695-16-9352','Delivered'),('8531830532','460-35-1827',571,'197-31-0740','626-39-8365','Confirmed'),('8624385261','517-49-5635',668,'773-95-7886','637-08-1152','Out for Delievry'),('8626695721','575-72-8917',102,'504-70-0407','333-67-5302','Shipped'),('8637679374','685-63-8735',742,'787-91-7516','685-62-8260','Confirmed'),('8650748074','201-08-9985',563,'677-72-0652','530-13-5148','Delivered'),('8960686220','671-26-7383',389,'789-21-7414','104-71-6719','Out for Delievry'),('8990475740','700-92-5202',854,'695-16-9352','773-95-7886','Shipped'),('9082393093','739-47-7941',903,'271-49-0828','705-58-0313','Confirmed'),('9158797084','239-34-6633',502,'898-75-1875','612-22-7090','Out for Delievry'),('9238893306','267-88-2188',489,'628-87-9448','332-50-3644','Confirmed'),('9509704733','837-39-3143',497,'773-95-7886','815-96-0955','Out for Delievry'),('9524394146','685-63-8735',960,'223-05-0451','344-93-8045','Out for Delievry'),('9796542919','834-89-1530',258,'711-74-5007','829-35-7879','Out for Delievry'),('9862467010','794-53-8925',764,'190-85-9246','353-70-7861','Delivered'),('9896923752','189-98-4048',843,'332-50-3644','835-47-1039','Out for Delievry'),('9897980814','267-88-2188',448,'846-83-9813','812-27-9412','Shipped'),('9928397015','767-76-7474',409,'612-22-7090','321-06-0158','Shipped');
/*!40000 ALTER TABLE `order_collection` ENABLE KEYS */;
UNLOCK TABLES;

--
-- Table structure for table `person_directory`
--

DROP TABLE IF EXISTS `person_directory`;
/*!40101 SET @saved_cs_client     = @@character_set_client */;
/*!50503 SET character_set_client = utf8mb4 */;
CREATE TABLE `person_directory` (
  `person_id` varchar(45) NOT NULL,
  `ssn` varchar(45) DEFAULT NULL,
  `person_name` varchar(45) DEFAULT NULL,
  `gender` varchar(45) DEFAULT NULL,
  `dob` date DEFAULT NULL,
  `phone_no` bigint DEFAULT NULL,
  `email` varchar(45) DEFAULT NULL,
  `address` varchar(45) DEFAULT NULL,
  `username` varchar(45) DEFAULT NULL,
  `password` varchar(45) DEFAULT NULL,
  `userrole` varchar(45) DEFAULT NULL,
  PRIMARY KEY (`person_id`)
) ENGINE=InnoDB DEFAULT CHARSET=utf8mb4 COLLATE=utf8mb4_0900_ai_ci;
/*!40101 SET character_set_client = @saved_cs_client */;

--
-- Dumping data for table `person_directory`
--

LOCK TABLES `person_directory` WRITE;
/*!40000 ALTER TABLE `person_directory` DISABLE KEYS */;
INSERT INTO `person_directory` VALUES ('112-92-4524','122-62-7529','Trish Pavett','Female','1992-05-28',9096285037,'tpavett2b@parallels.com','882 Dixon Plaza','tpavett2b','ASpx35c','ORDER_MANAGER'),('121-12-9258','214-48-8913','Devlin Rishman','Male','1992-03-06',4807586334,'drishmanr@mail.ru','6149 Rutledge Trail','drishmanr','8MPtIoTP','TESTER'),('133-25-7590','286-29-2773','Eddi Mugg','Female','2001-03-09',3195678164,'emugg1n@skype.com','8923 Badeau Plaza','emugg1n','rMgipmIqPW','INVENTORY_MANAGER'),('143-71-6972','444-65-3445','Ferrell Rising','Male','2002-02-02',1321253932,'frising2r@furl.net','8620 Lawn Junction','frising2r','jRnuReRk1','ORDER_MANAGER'),('179-90-5608','332-90-4591','Levon Chritchley','Male','1994-07-18',9751439826,'lchritchley22@comsenz.com','968 Hooker Road','lchritchley22','D6doccBWoKd3','CASHIER'),('185-74-1283','234-02-6684','Parke Bernard','Male','1999-08-20',9116598315,'pbernard2o@yellowbook.com','40960 Sundown Place','pbernard2o','drPgDIGcm','FULFILMENT_OFFICER'),('188-02-3509','466-01-4947','Maisey Scoggans','Female','2001-12-22',8511406663,'mscoggans1m@unc.edu','67313 Pawling Avenue','mscoggans1m','e0hL78','STORE_MANAGER'),('191-31-5866','529-09-0140','Rubi Raiman','Female','2000-10-22',3506669783,'rraiman1o@uiuc.edu','04 Spaight Drive','rraiman1o','ZHSfIeXvuIv','ORDER_MANAGER'),('198-75-4844','566-34-1960','Tarah Castel','Female','1998-05-13',6021396218,'tcastel2g@eepurl.com','00 Erie Parkway','tcastel2g','V25aWoeD','SHIPMENT_MANAGER'),('201-92-7805','615-08-9397','Forrester MacAnelley','Male','1997-02-12',9928055750,'fmacanelley1b@diigo.com','1 Larry Way','fmacanelley1b','VE1VDYP','ASSEMBLER'),('205-20-6582','183-36-9309','Alford Ricciardiello','Male','1996-04-05',4414787238,'aricciardiello14@webmd.com','699 Eliot Drive','aricciardiello14','9SMCsUg3jPF3','REGIONAL_MANAGER'),('211-36-9993','342-77-5694','Stillmann Bosch','Genderqueer','2001-04-07',5961081571,'sbosch4@slate.com','4086 Blackbird Drive','sbosch4','GWKQCqym','INVENTORY_MANAGER'),('217-01-3979','600-47-5285','Zed Hallbord','Male','1992-04-23',3252828892,'zhallbord2@webmd.com','75214 Donald Drive','zhallbord2','05KgoP','CUSTOMER'),('224-92-7132','512-45-6085','Doralin Glitherow','Female','1990-11-10',7320165715,'dglitherow1q@opera.com','6413 Vahlen Point','dglitherow1q','GwgBuXE31N','TESTER'),('228-40-9372','854-14-8938','Kimberlyn Labbet','Female','2001-01-26',1901858825,'klabbet1w@google.de','35233 Pepper Wood Point','klabbet1w','BLqVQuNctb','ACCOUNT_VERIFYER'),('233-32-2363','103-05-3409','Chaddie Pena','Male','1997-10-02',9769351534,'cpena1@51.la','05 Pierstorff Alley','cpena1','6qspixU0r','REGIONAL_MANAGER'),('242-27-3595','803-43-8603','Rosaline Battershall','Female','1996-01-17',4536790588,'rbattershall3@vkontakte.ru','9 Homewood Road','rbattershall3','asAJlCOd9QL','STORE_MANAGER'),('253-85-7096','357-75-1425','Paulie Sahlstrom','Male','2000-04-28',2999733995,'psahlstrom1c@patch.com','1 Buell Avenue','psahlstrom1c','5WVIxC','STORE_MANAGER'),('261-38-0478','895-46-3816','Torrey Forlonge','Male','1998-01-23',2145571838,'tforlongez@yale.edu','69506 Esker Court','tforlongez','3TsmFFK8A','ACCOUNT_VERIFYER'),('267-73-7841','264-14-3722','Nicolle Buie','Bigender','2000-07-04',2782995949,'nbuiel@java.com','326 Mockingbird Plaza','nbuiel','PbeokKjK','INVENTORY_MANAGER'),('267-93-6458','140-47-5138','Irwin Marriage','Male','1999-01-10',7094122225,'imarriaged@ycombinator.com','295 Emmet Court','imarriaged','K55oRdo','CASHIER'),('271-50-4639','171-86-2158','Leila Meneur','Female','1998-01-28',6199702234,'lmeneur2q@tuttocitta.it','8889 Sloan Drive','lmeneur2q','WBxY14ARK','REGIONAL_MANAGER'),('279-85-7315','762-27-0160','Cristiano Hebden','Male','1997-06-04',1855377583,'chebden1j@canalblog.com','52695 Basil Street','chebden1j','JevsmRaI','CASHIER'),('282-45-0352','842-95-5405','Tansy Heitz','Female','1998-10-16',5267455348,'theitz12@mozilla.org','3 Elka Terrace','theitz12','s8fwfZ','ASSEMBLER'),('289-05-9370','396-39-0086','Emylee Sexton','Female','1996-04-26',5100983339,'esextonm@twitter.com','774 South Road','esextonm','ZkoxApuzyNC','FULFILMENT_OFFICER'),('293-11-0827','414-67-3851','Elfreda Boddice','Female','2001-03-31',5513867977,'eboddice5@nationalgeographic.com','1 Ruskin Street','eboddice5','lcuxz3rl','ASSEMBLER'),('308-23-1672','517-72-7206','Chip Dary','Male','1990-05-20',5214289964,'cdary6@apple.com','342 Sage Way','cdary6','qn9xqFITFWUG','CUSTOMER'),('315-46-0906','747-64-5383','Matt O\'Carran','Male','1997-01-14',5673131684,'mocarrann@mail.ru','851 Jana Parkway','mocarrann','kmTXpwEpv','SHIPMENT_MANAGER'),('322-22-5041','254-83-0835','Eustacia Duchart','Female','1992-07-29',3733626418,'educhart25@noaa.gov','8918 Park Meadow Pass','educhart25','H78tIP','ORDER_MANAGER'),('340-59-1254','639-03-4084','Earle Leber','Male','1995-11-10',6578642272,'eleber2k@tinyurl.com','7650 Hanover Crossing','eleber2k','25NxKIrSH','ASSEMBLER'),('342-28-2504','273-87-3043','Fax Dore','Male','1994-08-16',7984926454,'fdore16@gmpg.org','6590 Springs Pass','fdore16','rTc6Lauhz','ASSEMBLER'),('353-74-7212','606-97-9237','Benedetto Taplow','Male','1999-07-30',9956626173,'btaplow1e@bigcartel.com','61 Utah Pass','btaplow1e','X11KOHm540EB','STORE_MANAGER'),('356-52-8384','713-17-3831','Cornell Aggett','Male','1998-03-02',2283856632,'caggett24@wikia.com','1 Hazelcrest Road','caggett24','HMoVIE3lM','APPROVAL_OFFICER'),('357-70-5505','613-94-6430','Korney Mallinder','Female','1999-10-07',9188106193,'kmallinderc@dmoz.org','65875 Steensland Alley','kmallinderc','dCUdmnzI3','ASSEMBLER'),('362-79-7848','435-88-3697','Bail Muge','Male','1992-10-15',8851769476,'bmugeq@yandex.ru','417 Bartelt Road','bmugeq','RCkvXrcEt4','APPROVAL_EMPLOYEE'),('370-91-8781','884-09-9891','Micheline Headland','Female','1999-07-31',3892329771,'mheadlande@ycombinator.com','033 Dryden Place','mheadlande','4QE5ec1qtHo','INVENTORY_MANAGER'),('376-38-4719','300-62-3754','Garreth Tinson','Male','1992-12-06',9088431488,'gtinson23@mapy.cz','70 Stoughton Drive','gtinson23','uJUTV1O','CASHIER'),('400-24-6255','891-07-2839','Averill Cloney','Male','1994-04-08',1889903131,'acloney0@examiner.com','1 Anzinger Drive','acloney0','U6fs3U','APPROVAL_OFFICER'),('409-86-1854','605-20-7657','Ree Sherland','Agender','1997-12-25',5445198961,'rsherland1y@fema.gov','8741 Toban Place','rsherland1y','xGP9by8OFD8r','CASHIER'),('415-42-9809','456-29-0300','Janka Sirett','Female','1999-10-11',2628134690,'jsirett2e@geocities.jp','45 Fuller Park','jsirett2e','HjV39vyv','STORE_MANAGER'),('448-19-1536','634-62-7940','Gerti Schultze','Female','1995-08-09',9233903841,'gschultze1a@google.es','78057 Reindahl Crossing','gschultze1a','7tlEF6n','APPROVAL_OFFICER'),('458-36-4953','748-77-4517','Connor Dadds','Male','1997-08-02',2349232753,'cdadds2a@altervista.org','3 Blue Bill Park Crossing','cdadds2a','cmg5axE','CASHIER'),('476-07-5819','483-47-6882','Ingar Bedford','Male','2000-02-13',3945939312,'ibedforda@craigslist.org','71 Westport Junction','ibedforda','ogGMS7nssMSz','TESTER'),('482-24-0030','871-91-9054','Miguel Jedrzaszkiewicz','Male','1992-04-22',4792895266,'mjedrzaszkiewicz2n@tripod.com','03713 Kipling Hill','mjedrzaszkiewicz2n','kElyMds9A2rM','ORDER_MANAGER'),('486-47-2084','658-17-0141','Nappy Brayn','Male','1993-05-20',5627475164,'nbrayn1r@mashable.com','1668 Kenwood Crossing','nbrayn1r','HbDRZSolKLDc','CUSTOMER'),('499-89-2562','739-72-3687','Marcy Cruz','Female','1999-12-11',1015952620,'mcruzs@independent.co.uk','98394 Warner Park','mcruzs','Uys3AtdnstOv','SHIPMENT_MANAGER'),('501-63-8076','102-52-9572','Ferris Lauks','Male','2002-12-16',4839156782,'flauks26@disqus.com','2 Delladonna Way','flauks26','PF9DoigoOXT','CASHIER'),('503-51-9613','601-14-3887','Taddeusz Gladstone','Male','1991-10-24',1701582887,'tgladstone2m@digg.com','4 Dunning Plaza','tgladstone2m','u6aHXoVxBz','APPROVAL_EMPLOYEE'),('518-12-2970','526-84-5355','Meggi Stendell','Female','1993-12-14',4693667428,'mstendell1s@toplist.cz','2005 International Pass','mstendell1s','YeQeh1sSqM','INVENTORY_MANAGER'),('522-53-2283','607-15-1369','Marsha Toffolo','Female','2000-05-22',5700358267,'mtoffolo2p@etsy.com','164 Westerfield Park','mtoffolo2p','XpEwxZ3','ORDER_MANAGER'),('522-58-6231','292-24-4948','Kelsy Merit','Female','2002-06-09',7400595475,'kmerit1h@usgs.gov','29 Ilene Plaza','kmerit1h','DAmcZ1Lt99','STORE_MANAGER'),('532-34-0682','816-99-5316','Keary Denning','Male','1997-06-28',3943534740,'kdenning2d@odnoklassniki.ru','03659 Kensington Center','kdenning2d','v4Ku9lKPa','ORDER_MANAGER'),('534-24-0861','498-47-0218','Job Marciek','Male','1990-06-25',8940290774,'jmarciek1t@elpais.com','04524 Bashford Circle','jmarciek1t','JCxeGgW0','FULFILMENT_OFFICER'),('543-78-9831','510-75-5436','Pet Patey','Female','1991-10-14',5108738188,'ppateyo@shareasale.com','5 Annamark Terrace','ppateyo','nI7QeJAPNx','ASSEMBLER'),('544-32-6184','491-70-9983','Cole Myott','Male','1998-01-10',3354710717,'cmyott2h@alibaba.com','90 Arizona Road','cmyott2h','LgEvex','SHIPMENT_MANAGER'),('560-19-9099','631-78-3831','Druci Alliban','Female','1998-12-22',2899304688,'dalliban2i@msn.com','87159 Eagle Crest Parkway','dalliban2i','txikciRMq59','APPROVAL_OFFICER'),('592-17-9157','448-10-6987','Toiboid Cavanagh','Male','1990-08-31',5823375055,'tcavanagh2l@nationalgeographic.com','59822 Prairieview Lane','tcavanagh2l','Xe4d91Y95Gp','REGIONAL_MANAGER'),('603-16-1961','864-03-8321','Chrisse Standingford','Male','2000-12-25',6999891680,'cstandingford8@eventbrite.com','82322 Paget Hill','cstandingford8','bdRuX6ySyvq2','ORDER_MANAGER'),('604-65-3273','111-54-9790','Sascha Sirr','Male','2002-11-18',1422686819,'ssirrt@oaic.gov.au','249 Tony Road','ssirrt','Tv8fG5','CUSTOMER'),('609-52-8455','662-31-2165','Pip Petru','Male','1993-02-18',8910068672,'ppetru1l@illinois.edu','1 Petterle Avenue','ppetru1l','2qkGWr9DEPu','TESTER'),('613-92-7556','115-10-5155','Edgar Spyvye','Agender','1991-04-07',7045198142,'espyvyep@zimbio.com','46 Manufacturers Parkway','espyvyep','D2J4DZz3qxID','ACCOUNT_VERIFYER'),('627-79-3491','266-01-8558','Biron Bushby','Male','1991-06-12',7483753936,'bbushby1v@foxnews.com','84853 Rieder Street','bbushby1v','JQmbg5','TESTER'),('634-21-5074','671-44-1894','Ginevra Gaunson','Female','1995-08-31',1029819792,'ggaunson19@adobe.com','32 Parkside Park','ggaunson19','ruvN9r','APPROVAL_EMPLOYEE'),('636-30-1504','590-58-6639','Kylie Du Barry','Male','2001-05-30',4729560163,'kduk@arstechnica.com','2 Grasskamp Avenue','kduk','G5CSLgNkM','CASHIER'),('636-62-2298','775-91-3809','Danie Ivell','Male','1999-05-23',7230084585,'divell29@google.nl','6910 Dunning Street','divell29','Mtl8XSkDQdu','FULFILMENT_OFFICER'),('637-28-6282','173-99-6896','Hedvig Christoffe','Female','2002-03-14',6096450841,'hchristoffe18@salon.com','59 Darwin Point','hchristoffe18','Z6TtafK07i','ACCOUNT_VERIFYER'),('642-84-7216','499-80-2510','Nikki Mathiasen','Male','1992-11-29',7038045038,'nmathiasenb@nationalgeographic.com','8383 Del Mar Park','nmathiasenb','L9wZxAi0gb9','REGIONAL_MANAGER'),('651-79-9635','336-34-3140','Angel Andrzejak','Male','1996-08-21',7226059940,'aandrzejaku@fc2.com','3 Green Street','aandrzejaku','nLML0T','SHIPMENT_MANAGER'),('661-33-9820','414-16-8735','Ninette Bartelli','Female','1990-12-31',7518126855,'nbartelliw@ifeng.com','1682 Washington Point','nbartelliw','0mwBQeYyYzJ','ASSEMBLER'),('664-82-7537','521-99-0137','Douglass Bowler','Male','1994-05-09',2942467755,'dbowler2f@yahoo.com','932 Springs Center','dbowler2f','dogVJk5UlB','APPROVAL_OFFICER'),('689-29-4559','341-28-1382','Bowie Kinvig','Male','1998-08-11',6168019769,'bkinvigi@blogs.com','9 Norway Maple Court','bkinvigi','eRmqAr1','SHIPMENT_MANAGER'),('698-54-2116','737-71-5906','Jecho Purver','Male','1990-09-25',7790475385,'jpurver1f@histats.com','5 Forest Run Trail','jpurver1f','1kDvYSs5H','FULFILMENT_OFFICER'),('711-30-1896','107-35-1088','Hillary Shearmur','Male','1992-08-11',3620569152,'hshearmur13@ifeng.com','0 Arizona Plaza','hshearmur13','bTuHkNF','FULFILMENT_OFFICER'),('712-40-0395','455-62-9805','Mendel Donavan','Male','1995-05-19',3361199778,'mdonavang@ca.gov','86306 Gateway Street','mdonavang','agHOAwE1hJ9Z','REGIONAL_MANAGER'),('721-99-4920','173-65-4526','Calley Bolderstone','Female','1993-10-01',7853352696,'cbolderstone1x@ebay.co.uk','597 Aberg Terrace','cbolderstone1x','4zN0i1','INVENTORY_MANAGER'),('731-25-9241','147-29-5637','King Ludlom','Male','1992-01-04',3716333953,'kludlom27@mtv.com','0363 Oakridge Center','kludlom27','4xgsVzeJWmJ','STORE_MANAGER'),('745-01-5778','284-51-5657','Clyve Cubitt','Non-binary','1996-09-12',5023473920,'ccubitt11@free.fr','2 Dottie Center','ccubitt11','ot6YoOU44','APPROVAL_OFFICER'),('750-44-9925','103-23-2018','Kristel Ashby','Female','2002-04-05',5295093398,'kashbyf@who.int','737 Birchwood Park','kashbyf','yZqq7n7G','ASSEMBLER'),('765-10-5589','793-59-5773','Katy Yeliashev','Female','1990-05-06',8177594980,'kyeliashev17@mail.ru','072 Pond Pass','kyeliashev17','seZkbGq8l','FULFILMENT_OFFICER'),('770-87-8288','663-75-2572','Vivie Gager','Female','1995-07-30',9911260743,'vgagerh@hibu.com','3902 Mockingbird Avenue','vgagerh','1E5QBaWO','APPROVAL_EMPLOYEE'),('771-23-4801','359-35-0856','Glynda Rubrow','Female','2001-07-27',9201697581,'grubrow20@plala.or.jp','90 Del Mar Court','grubrow20','1tiXLun1W','CUSTOMER'),('772-74-3341','753-40-3730','Talyah Skillett','Female','1992-05-18',7624087382,'tskillett1i@google.pl','5571 Evergreen Pass','tskillett1i','wUmM16oT4pgI','SHIPMENT_MANAGER'),('779-30-8952','526-12-0914','Merv Ambrosini','Male','1993-07-14',8198293242,'mambrosini1u@rambler.ru','42 Scofield Terrace','mambrosini1u','1k8EdCcZq','ACCOUNT_VERIFYER'),('782-18-6302','709-32-1196','Keefe Turtle','Male','1994-12-10',7808077104,'kturtle1z@oracle.com','4 Oneill Parkway','kturtle1z','BbsCKwiLc3','APPROVAL_EMPLOYEE'),('788-75-9322','601-61-7451','Micki Chezier','Female','1991-02-03',9799799587,'mchezierx@huffingtonpost.com','99039 Russell Plaza','mchezierx','tUGN19aC','ASSEMBLER'),('789-52-1837','809-42-9807','Matilde Mayler','Female','1995-05-17',1519329082,'mmayler1p@nps.gov','151 Pepper Wood Hill','mmayler1p','967WbtGE','APPROVAL_EMPLOYEE'),('789-53-4728','614-35-4895','Gawen Plum','Male','1999-07-29',8887845383,'gplum21@statcounter.com','4 Hoepker Junction','gplum21','ujypaZcir','ASSEMBLER'),('795-21-9171','815-77-2542','Whitney Penddreth','Male','1993-11-12',3117394985,'wpenddreth2j@newsvine.com','506 Eagan Point','wpenddreth2j','NTevu1f1UUxk','TESTER'),('797-48-2030','812-19-7675','Tildy Kunrad','Female','1991-12-21',1006873435,'tkunrady@reference.com','053 Sherman Road','tkunrady','LeagFVi','INVENTORY_MANAGER'),('799-06-4842','487-69-7858','Judas Hedden','Male','1990-10-12',7358049032,'jhedden10@paypal.com','3629 Service Avenue','jhedden10','uB0aw30','STORE_MANAGER'),('812-21-0619','599-51-9645','Lewes Ponten','Male','1995-10-27',7336647124,'lponten9@discovery.com','6853 Orin Circle','lponten9','UtiP7IuCowR','ORDER_MANAGER'),('815-52-6407','526-23-1300','Kelsy MacGaughy','Female','1993-03-06',9876556186,'kmacgaughy15@tuttocitta.it','00 Brentwood Place','kmacgaughy15','98Z1MkDzkXp','REGIONAL_MANAGER'),('821-70-5733','542-32-0094','Finn Goodlad','Male','2000-11-29',7029603170,'fgoodlad1d@friendfeed.com','0929 Dixon Crossing','fgoodlad1d','fYfqAJoe1R','CASHIER'),('828-98-5696','758-60-4895','Pepito Casserly','Male','1991-05-17',1387596498,'pcasserly28@paginegialle.it','027 Londonderry Drive','pcasserly28','RtUmp6sjPTUH','ORDER_MANAGER'),('840-03-0760','120-65-9175','Ban Housby','Male','2001-08-22',9085293397,'bhousby7@google.es','50747 East Point','bhousby7','VhdEA8R4r','FULFILMENT_OFFICER'),('850-82-8656','118-36-8222','Corinne Vokins','Female','1994-07-25',8566889519,'cvokinsj@soup.io','04818 Shopko Terrace','cvokinsj','7QS2Yf','APPROVAL_OFFICER'),('857-49-0750','896-91-2173','Omero Walmsley','Male','2000-12-14',6644738922,'owalmsley1k@examiner.com','972 Lighthouse Bay Crossing','owalmsley1k','nzYjLDT2t','ACCOUNT_VERIFYER'),('858-50-4937','802-45-9724','Ariella Whifen','Female','1995-08-24',6329693314,'awhifenv@mozilla.org','66905 Red Cloud Avenue','awhifenv','054LFk4FYNK3','ACCOUNT_VERIFYER'),('871-01-2817','821-73-0789','Cchaddie Sleaford','Male','2000-05-07',9019689183,'csleaford1g@ocn.ne.jp','3 Raven Circle','csleaford1g','zt73av','ACCOUNT_VERIFYER'),('894-48-2763','569-99-1521','Amos Alsina','Male','1993-12-29',1115746829,'aalsina2c@opensource.org','71277 Nelson Pass','aalsina2c','mfu2FoBDQi','FULFILMENT_OFFICER');
/*!40000 ALTER TABLE `person_directory` ENABLE KEYS */;
UNLOCK TABLES;

--
-- Table structure for table `report_collection`
--

DROP TABLE IF EXISTS `report_collection`;
/*!40101 SET @saved_cs_client     = @@character_set_client */;
/*!50503 SET character_set_client = utf8mb4 */;
CREATE TABLE `report_collection` (
  `report_id` varchar(45) NOT NULL,
  `report_date` date DEFAULT NULL,
  `weapon_id` varchar(45) DEFAULT NULL,
  `approver_id` varchar(45) DEFAULT NULL,
  `tester_id` varchar(45) DEFAULT NULL,
  `safety` tinyint(1) DEFAULT NULL,
  `muzzle` tinyint(1) DEFAULT NULL,
  `barrel` tinyint(1) DEFAULT NULL,
  `gmode` tinyint(1) DEFAULT NULL,
  `iron_align` tinyint(1) DEFAULT NULL,
  PRIMARY KEY (`report_id`),
  KEY `weapon_id_1_idx` (`weapon_id`),
  KEY `emp_id_idx` (`approver_id`),
  KEY `emp_id_1_idx` (`tester_id`),
  CONSTRAINT `emp_id` FOREIGN KEY (`approver_id`) REFERENCES `employee_directory` (`emp_id`),
  CONSTRAINT `emp_id_1` FOREIGN KEY (`tester_id`) REFERENCES `employee_directory` (`emp_id`),
  CONSTRAINT `weapon_id_2` FOREIGN KEY (`weapon_id`) REFERENCES `weapon_type_directory` (`weapon_id`)
) ENGINE=InnoDB DEFAULT CHARSET=utf8mb4 COLLATE=utf8mb4_0900_ai_ci;
/*!40101 SET character_set_client = @saved_cs_client */;

--
-- Dumping data for table `report_collection`
--

LOCK TABLES `report_collection` WRITE;
/*!40000 ALTER TABLE `report_collection` DISABLE KEYS */;
INSERT INTO `report_collection` VALUES ('104-71-6719','1994-08-22','794-53-8925','620-04-6628','663-29-6371',1,1,1,0,0),('117-35-8732','1995-01-26','147-13-7290','655-48-0097','647-98-8290',0,1,1,0,1),('122-66-7675','1977-02-01','758-07-8989','663-29-6371','703-94-9154',1,1,0,1,1),('123-24-0259','2013-10-20','767-76-7474','680-70-4029','782-63-3003',1,1,1,0,1),('127-03-4529','2003-03-12','576-09-1547','276-33-4968','406-43-2900',1,1,0,0,0),('149-66-7317','2016-06-09','298-59-4308','313-99-2406','898-50-6544',0,1,1,0,0),('155-47-2561','1971-01-12','460-35-1827','455-33-4051','343-77-7848',1,1,0,0,1),('160-44-6467','1986-04-08','201-08-9985','771-83-7765','602-55-6416',1,1,1,1,0),('163-54-6388','2005-09-30','575-72-8917','491-22-4508','331-54-1342',1,1,0,0,0),('165-96-5280','1996-06-15','389-48-0473','897-89-0628','833-15-1433',1,1,0,0,1),('185-72-4151','1979-05-24','147-13-7290','862-98-0461','751-11-0683',1,1,1,1,1),('185-90-6702','1973-10-15','201-08-9985','448-44-1361','620-85-7473',1,1,0,0,1),('190-85-9246','2014-10-10','518-78-9186','670-90-3122','304-64-5458',0,1,0,0,0),('194-49-4469','1979-09-27','794-53-8925','212-12-8774','674-69-5986',0,1,0,1,1),('197-31-0740','2003-01-30','239-34-6633','311-94-2351','781-03-5396',1,1,0,0,0),('197-55-1239','1990-07-14','700-92-5202','406-43-2900','670-90-3122',1,0,1,0,0),('201-87-5007','1974-01-02','239-34-6633','173-91-0343','861-99-2655',1,0,1,0,0),('203-84-8575','1984-10-22','517-49-5635','671-89-7278','861-99-2655',1,1,0,0,1),('203-91-9733','1979-11-11','460-35-1827','603-19-6931','301-12-6826',1,0,1,1,0),('213-01-6464','1982-03-28','730-31-2386','456-01-6210','655-48-0097',1,0,1,1,1),('223-05-0451','1998-03-12','316-42-5044','263-91-7629','717-52-1568',0,1,0,1,0),('229-24-8525','2022-10-14','551-17-8138','714-53-9791','647-98-8290',1,0,0,0,1),('235-66-7632','2016-09-11','324-28-6655','197-97-1865','119-79-6822',1,0,0,0,1),('247-69-5514','1977-03-17','631-36-3202','406-43-2900','861-63-7439',1,0,0,1,0),('249-53-2459','1990-08-24','397-01-0897','791-94-2569','532-71-5729',0,1,0,1,1),('260-90-1629','1971-02-21','739-47-7941','289-75-0653','532-71-5729',0,1,0,1,0),('271-49-0828','1982-11-24','769-31-2367','228-59-3933','671-89-7278',0,0,1,1,0),('277-68-6424','1984-04-10','551-17-8138','764-39-3821','263-91-7629',1,0,1,0,0),('279-33-1303','2004-06-08','466-07-9091','703-94-9154','100-40-7168',1,1,1,0,1),('282-70-5698','1974-07-16','517-38-4287','718-54-8299','611-53-6710',1,0,1,1,0),('282-84-1302','2005-03-03','488-31-2593','725-78-2997','181-81-4877',1,1,0,0,1),('283-62-8350','1992-04-07','147-13-7290','781-03-5396','861-97-1770',0,1,0,1,0),('290-26-0796','2017-08-31','739-47-7941','748-70-7072','861-63-7439',0,0,0,1,1),('306-63-1344','2005-04-12','685-63-8735','611-53-6710','227-74-2734',1,1,0,0,1),('310-64-4813','1993-08-11','685-63-8735','343-77-7848','280-10-4077',1,1,1,1,0),('321-06-0158','2007-06-05','551-17-8138','647-07-7296','586-20-0478',1,0,1,1,1),('325-44-6919','2008-03-01','517-49-5635','620-04-6628','671-89-7278',0,0,1,1,1),('327-36-3565','1994-06-11','575-72-8917','309-70-1419','406-43-2900',1,1,1,1,1),('332-50-3644','1996-03-31','551-17-8138','276-33-4968','771-83-7765',0,1,1,0,1),('333-67-5302','1984-03-16','518-78-9186','703-94-9154','603-19-6931',0,1,0,0,0),('344-93-8045','1973-11-29','551-17-8138','236-45-3188','606-37-5249',1,1,0,1,0),('353-70-7861','2014-07-15','316-42-5044','309-70-1419','751-11-0683',1,0,0,1,0),('354-93-0824','2021-03-18','517-38-4287','196-33-0449','620-96-7299',1,1,0,0,1),('362-74-4815','1992-09-07','884-48-8930','654-44-7622','304-64-5458',1,1,1,0,0),('388-96-2007','1973-02-05','551-17-8138','675-02-9506','781-03-5396',0,1,0,1,0),('420-36-3675','2002-01-20','576-09-1547','861-99-2655','645-14-9787',1,1,1,0,1),('422-25-5546','1980-02-11','100-21-6408','620-96-7299','383-16-5224',0,0,1,0,1),('427-17-3416','1993-06-27','147-13-7290','861-97-1770','615-35-2642',0,1,0,0,1),('443-96-6211','1973-12-19','397-01-0897','873-05-4778','675-02-9506',1,0,1,1,1),('462-10-0362','2018-03-03','324-28-6655','276-33-4968','280-10-4077',1,1,1,0,0),('467-79-4070','2004-10-11','298-59-4308','350-96-0535','491-22-4508',1,0,0,1,0),('477-22-0524','1979-08-26','517-38-4287','853-49-7508','645-14-9787',0,0,1,1,1),('479-44-4834','1971-12-17','685-63-8735','782-63-3003','636-72-2451',0,1,0,0,1),('504-70-0407','1976-07-03','466-07-9091','307-25-0016','717-52-1568',1,0,1,1,0),('530-13-5148','1987-12-08','517-38-4287','130-04-1362','745-34-5632',0,0,0,1,1),('533-68-9861','1991-09-17','488-31-2593','350-96-0535','406-43-2900',0,1,1,0,1),('536-97-5407','2019-10-22','389-48-0473','586-20-0478','751-11-0683',0,0,1,0,1),('543-32-7910','1992-07-25','769-31-2367','620-85-7473','197-64-1797',1,1,1,0,0),('557-51-0345','1986-09-29','147-13-7290','770-78-5183','782-63-3003',1,0,0,1,0),('562-03-0957','1987-12-19','546-38-2877','491-22-4508','456-01-6210',0,1,0,0,0),('588-34-7382','1990-04-23','767-76-7474','522-10-0622','591-44-8900',0,1,1,0,1),('612-22-7090','2008-09-06','504-73-8901','212-12-8774','859-14-5077',1,0,0,1,0),('626-39-8365','2000-08-31','551-17-8138','620-96-7299','680-70-4029',1,1,0,1,0),('628-87-9448','1980-12-15','546-38-2877','602-55-6416','197-64-1797',1,1,1,1,1),('632-96-6817','1983-02-14','189-98-4048','611-53-6710','304-64-5458',0,1,0,0,1),('637-06-9980','1995-03-19','739-47-7941','680-70-4029','276-33-4968',0,1,0,0,0),('637-08-1152','1974-10-08','321-43-1788','584-35-2333','602-55-6416',0,0,1,1,0),('638-84-7570','1981-07-08','466-07-9091','884-36-3462','522-10-0622',1,0,1,1,0),('645-84-0627','1992-12-17','631-36-3202','675-02-9506','313-99-2406',0,0,0,1,1),('662-10-1657','1998-09-21','575-72-8917','861-99-2655','862-98-0461',1,0,1,0,1),('671-26-4457','1980-04-09','518-78-9186','620-96-7299','861-97-1770',1,0,1,0,0),('674-87-6954','1975-04-12','397-01-0897','647-98-8290','145-45-1444',1,1,1,1,1),('677-72-0652','2011-03-28','767-76-7474','602-55-6416','197-64-1797',0,1,1,1,0),('685-62-8260','1978-03-06','576-09-1547','301-19-6528','680-70-4029',1,1,0,0,0),('689-68-8764','1973-04-12','863-71-0286','680-70-4029','280-10-4077',0,1,0,0,0),('695-16-9352','2019-10-08','647-75-5955','611-53-6710','584-35-2333',0,0,1,0,0),('705-58-0313','1988-08-05','251-83-1756','748-70-7072','197-97-1865',1,0,0,1,0),('711-74-5007','2022-10-27','460-35-1827','884-36-3462','343-77-7848',1,1,1,1,0),('733-01-0560','1988-09-25','837-39-3143','280-10-4077','663-29-6371',1,1,0,1,1),('747-63-5807','2007-10-21','576-09-1547','383-16-5224','369-65-9847',1,0,1,0,1),('758-45-5744','2021-07-28','518-78-9186','212-12-8774','654-44-7622',0,0,1,0,1),('773-95-7886','2014-12-11','517-38-4287','861-97-1770','876-18-3419',1,0,0,1,1),('781-24-5367','1991-08-11','298-59-4308','694-52-6356','861-97-1770',0,0,1,0,0),('787-91-7516','1990-09-01','321-43-1788','636-72-2451','236-45-3188',1,1,1,1,1),('789-21-7414','1974-02-28','730-31-2386','191-36-7665','897-89-0628',0,0,1,0,0),('810-09-5133','2014-11-05','488-31-2593','532-71-5729','455-33-4051',1,1,1,1,1),('812-27-9412','1990-08-22','292-12-3892','197-64-1797','897-89-0628',0,0,1,1,1),('815-38-4748','2011-02-16','834-89-1530','311-94-2351','584-35-2333',1,1,0,0,1),('815-96-0955','1988-07-11','739-47-7941','703-94-9154','369-65-9847',1,1,1,0,0),('817-31-1648','1986-02-04','647-75-5955','649-36-4273','484-10-3972',1,0,0,0,0),('829-35-7879','1982-02-05','631-36-3202','212-12-8774','448-44-1361',0,1,0,0,0),('835-47-1039','2007-08-23','267-88-2188','655-48-0097','671-89-7278',1,1,1,0,0),('836-59-6301','2005-12-09','647-75-5955','236-45-3188','649-36-4273',0,0,0,0,1),('843-59-3508','1982-11-01','292-12-3892','884-36-3462','191-36-7665',0,1,1,0,0),('846-83-9813','1986-10-10','730-31-2386','680-70-4029','771-83-7765',1,1,0,0,0),('851-96-7298','2022-02-26','863-71-0286','615-35-2642','532-71-5729',1,1,0,1,1),('862-37-7232','2013-03-31','551-17-8138','331-54-1342','100-40-7168',1,1,0,1,0),('875-17-5520','1989-08-22','837-39-3143','654-44-7622','846-82-4906',0,0,1,1,0),('878-23-2101','1975-03-27','316-42-5044','369-65-9847','359-98-3637',1,1,0,0,1),('898-75-1875','1998-11-13','316-42-5044','764-39-3821','331-54-1342',1,1,0,1,0);
/*!40000 ALTER TABLE `report_collection` ENABLE KEYS */;
UNLOCK TABLES;

--
-- Table structure for table `weapon_serial_directory`
--

DROP TABLE IF EXISTS `weapon_serial_directory`;
/*!40101 SET @saved_cs_client     = @@character_set_client */;
/*!50503 SET character_set_client = utf8mb4 */;
CREATE TABLE `weapon_serial_directory` (
  `weapon_id` varchar(45) DEFAULT NULL,
  `serial_no` varchar(45) NOT NULL,
  `person_id` varchar(45) DEFAULT NULL,
  PRIMARY KEY (`serial_no`),
  KEY `person_id_1_idx` (`person_id`),
  KEY `weapon_id_1` (`weapon_id`),
  CONSTRAINT `person_id_1` FOREIGN KEY (`person_id`) REFERENCES `person_directory` (`person_id`),
  CONSTRAINT `weapon_id_1` FOREIGN KEY (`weapon_id`) REFERENCES `weapon_type_directory` (`weapon_id`)
) ENGINE=InnoDB DEFAULT CHARSET=utf8mb4 COLLATE=utf8mb4_0900_ai_ci;
/*!40101 SET character_set_client = @saved_cs_client */;

--
-- Dumping data for table `weapon_serial_directory`
--

LOCK TABLES `weapon_serial_directory` WRITE;
/*!40000 ALTER TABLE `weapon_serial_directory` DISABLE KEYS */;
INSERT INTO `weapon_serial_directory` VALUES ('863-71-0286','0167424165','503-51-9613'),('517-38-4287','0230189334','604-65-3273'),('460-35-1827','0438289943','289-05-9370'),('517-49-5635','0439612691','179-90-5608'),('298-59-4308','0446457671','627-79-3491'),('730-31-2386','0564278173','771-23-4801'),('739-47-7941','0568044207','642-84-7216'),('551-17-8138','0643004270','603-16-1961'),('575-72-8917','0727188801','458-36-4953'),('631-36-3202','0874336570','133-25-7590'),('466-07-9091','0971392838','779-30-8952'),('767-76-7474','1053748027','279-85-7315'),('466-07-9091','1194213898','253-85-7096'),('316-42-5044','1219950017','661-33-9820'),('239-34-6633','1411627075','293-11-0827'),('671-26-7383','1484293436','253-85-7096'),('316-42-5044','1541860772','409-86-1854'),('767-76-7474','1554582512','400-24-6255'),('863-71-0286','1802369902','664-82-7537'),('298-59-4308','2004813806','799-06-4842'),('397-01-0897','2118540310','448-19-1536'),('251-83-1756','2236471831','613-92-7556'),('517-38-4287','2240161930','228-40-9372'),('324-28-6655','2487084421','771-23-4801'),('631-36-3202','2698509554','799-06-4842'),('730-31-2386','2711156192','789-52-1837'),('631-36-3202','2737440505','267-93-6458'),('576-09-1547','2798564212','271-50-4639'),('730-31-2386','3104108706','765-10-5589'),('546-38-2877','3247713042','637-28-6282'),('251-83-1756','3530410454','544-32-6184'),('298-59-4308','3582337839','376-38-4719'),('147-13-7290','3853428525','458-36-4953'),('189-98-4048','3925069933','560-19-9099'),('251-83-1756','3988297100','233-32-2363'),('324-28-6655','4052666437','233-32-2363'),('597-87-1504','4104033413','613-92-7556'),('597-87-1504','4281562753','362-79-7848'),('251-83-1756','4332427149','815-52-6407'),('100-21-6408','4412529770','143-71-6972'),('460-35-1827','4588197371','409-86-1854'),('551-17-8138','4656325945','731-25-9241'),('267-88-2188','4783062412','637-28-6282'),('575-72-8917','4814175329','637-28-6282'),('671-26-7383','4826663374','224-92-7132'),('100-21-6408','4841943528','711-30-1896'),('397-01-0897','4971089853','415-42-9809'),('576-09-1547','4992742491','634-21-5074'),('504-73-8901','5003870027','293-11-0827'),('647-75-5955','5026112994','522-58-6231'),('251-83-1756','5101814822','217-01-3979'),('201-08-9985','5116966771','415-42-9809'),('575-72-8917','5186118141','637-28-6282'),('685-63-8735','5297715024','604-65-3273'),('147-13-7290','5394989281','501-63-8076'),('397-01-0897','5516214041','356-52-8384'),('298-59-4308','5680162105','894-48-2763'),('671-26-7383','5841798081','604-65-3273'),('660-74-7451','5856339320','253-85-7096'),('863-71-0286','5877988387','261-38-0478'),('570-35-2666','5921113875','499-89-2562'),('147-13-7290','5944513616','376-38-4719'),('685-63-8735','5962273427','604-65-3273'),('863-71-0286','5967362835','797-48-2030'),('251-83-1756','6081855074','522-58-6231'),('321-43-1788','6137101746','201-92-7805'),('518-78-9186','6188872669','772-74-3341'),('671-26-7383','6225041729','772-74-3341'),('298-59-4308','6307790202','815-52-6407'),('292-12-3892','6425582170','789-53-4728'),('769-31-2367','6515746172','112-92-4524'),('267-88-2188','6726881320','637-28-6282'),('837-39-3143','6903228926','293-11-0827'),('794-53-8925','7235898704','143-71-6972'),('834-89-1530','7237968521','789-52-1837'),('517-38-4287','7407651418','522-58-6231'),('517-38-4287','7416685443','637-28-6282'),('100-21-6408','7548452985','636-62-2298'),('488-31-2593','7749673229','198-75-4844'),('576-09-1547','7828420900','609-52-8455'),('517-38-4287','7841037554','133-25-7590'),('570-35-2666','7943286804','315-46-0906'),('251-83-1756','8096802534','651-79-9635'),('685-63-8735','8109925855','143-71-6972'),('551-17-8138','8118514129','482-24-0030'),('570-35-2666','8164353477','191-31-5866'),('739-47-7941','8195076491','279-85-7315'),('267-88-2188','8206057390','356-52-8384'),('460-35-1827','8274285220','782-18-6302'),('316-42-5044','8382002552','534-24-0861'),('730-31-2386','8454614699','560-19-9099'),('321-43-1788','8507939481','894-48-2763'),('575-72-8917','8510656541','603-16-1961'),('517-49-5635','8619733559','376-38-4719'),('298-59-4308','8912000403','143-71-6972'),('837-39-3143','9013212751','799-06-4842'),('389-48-0473','9220384264','828-98-5696'),('576-09-1547','9246055071','353-74-7212'),('488-31-2593','9265481579','279-85-7315'),('834-89-1530','9696237707','636-62-2298');
/*!40000 ALTER TABLE `weapon_serial_directory` ENABLE KEYS */;
UNLOCK TABLES;

--
-- Table structure for table `weapon_type_directory`
--

DROP TABLE IF EXISTS `weapon_type_directory`;
/*!40101 SET @saved_cs_client     = @@character_set_client */;
/*!50503 SET character_set_client = utf8mb4 */;
CREATE TABLE `weapon_type_directory` (
  `weapon_id` varchar(45) NOT NULL,
  `weapon_name` varchar(45) DEFAULT NULL,
  `weapon_type` varchar(45) DEFAULT NULL,
  `weapon_price` float DEFAULT NULL,
  `weapon_report_id` varchar(45) DEFAULT NULL,
  `enterprise_id` varchar(45) DEFAULT NULL,
  PRIMARY KEY (`weapon_id`),
  KEY `enterprise_id_1_idx` (`enterprise_id`),
  CONSTRAINT `enterprise_id_1` FOREIGN KEY (`enterprise_id`) REFERENCES `enterprise_directory` (`enterprise_id`)
) ENGINE=InnoDB DEFAULT CHARSET=utf8mb4 COLLATE=utf8mb4_0900_ai_ci;
/*!40101 SET character_set_client = @saved_cs_client */;

--
-- Dumping data for table `weapon_type_directory`
--

LOCK TABLES `weapon_type_directory` WRITE;
/*!40000 ALTER TABLE `weapon_type_directory` DISABLE KEYS */;
INSERT INTO `weapon_type_directory` VALUES ('100-21-6408','Little Black Book','Assault',6986,'9603666246','290-26-0796'),('147-13-7290','Wanda Nevada','Assault',6410,'3635180033','851-96-7298'),('189-98-4048','Faithless (Trolsa)','SMG',9721,'9305781950','674-87-6954'),('201-08-9985','Gray\'s Anatomy','Pistols',7619,'2055363913','637-06-9980'),('239-34-6633','Six of a Kind','Assault',6579,'0837582970','190-85-9246'),('251-83-1756','Wasp Woman, The','Launchers',8632,'1431508314','477-22-0524'),('267-88-2188','Barbed Wire','Pistols',4338,'1891961055','427-17-3416'),('292-12-3892','The Salt of the Earth','Assault',3790,'7914034185','197-55-1239'),('298-59-4308','Something in the Air (Apres Mai)','Launchers',5191,'4955978606','851-96-7298'),('316-42-5044','Nina\'s Heavenly Delights','Shotgun',7646,'2147882801','321-06-0158'),('321-43-1788','White Night (Hvid nat)','Assault',9616,'3838896254','283-62-8350'),('324-28-6655','Josephine','SMG',9924,'6878662966','185-72-4151'),('389-48-0473','Ripley Under Ground','Assault',7661,'0096541881','812-27-9412'),('397-01-0897','The Real Glory','Launchers',3155,'8769893187','155-47-2561'),('460-35-1827','Brides of Dracula','Launchers',6346,'4425763033','203-91-9733'),('466-07-9091','Hunting and Gathering (Ensemble, c\'est tout)','Launchers',2960,'0739072323','829-35-7879'),('488-31-2593','S.W.A.T.','SMG',4112,'1844430596','185-90-6702'),('504-73-8901','Senotaji','Assault',4671,'5950204344','333-67-5302'),('517-38-4287','Sex and the City','SMG',2439,'0767941918','194-49-4469'),('517-49-5635','Mysterious Mr. Moto','Shotgun',9439,'4654111697','557-51-0345'),('518-78-9186','Emerald Forest, The','Launchers',4118,'3129632689','203-91-9733'),('546-38-2877','Higher Ground','Launchers',2430,'0687352215','835-47-1039'),('551-17-8138','Block-Heads','Pistols',7065,'1636277179','194-49-4469'),('570-35-2666','Dragonfly','Pistols',6187,'1706920415','533-68-9861'),('575-72-8917','Circumstance','Pistols',7227,'8175007036','843-59-3508'),('576-09-1547','Ballast','Launchers',7426,'3039479474','851-96-7298'),('597-87-1504','24 Hour Party People','Launchers',2020,'5069593781','843-59-3508'),('631-36-3202','My Voyage to Italy (Il mio viaggio in Italia)','Shotgun',1073,'2605537374','835-47-1039'),('647-75-5955','Song of Freedom','Assault',2497,'5650911746','628-87-9448'),('660-74-7451','Whisperers, The','SMG',2258,'7405970265','321-06-0158'),('671-26-7383','Comedians of Comedy, The','Shotgun',7761,'3450189743','122-66-7675'),('685-63-8735','Carve Her Name with Pride','Assault',841,'1377314235','165-96-5280'),('700-92-5202','Blades of Glory','Assault',640,'6552466242','277-68-6424'),('730-31-2386','Khodorkovsky','SMG',8928,'8090548237','685-62-8260'),('739-47-7941',' nos amours','Pistols',8657,'9399878384','443-96-6211'),('758-07-8989','Tevye','Launchers',5121,'3813932893','271-49-0828'),('767-76-7474','Happy Gilmore','Pistols',3761,'0951910965','223-05-0451'),('769-31-2367','Woman in the Fifth, The (Femme du Vme, La)','SMG',9731,'0272565725','443-96-6211'),('794-53-8925','Girl He Left Behind, The','Assault',8830,'6100215942','829-35-7879'),('834-89-1530','Rose, The','Shotgun',7117,'4764309548','677-72-0652'),('837-39-3143','Sudden Manhattan','Pistols',5900,'2119159793','260-90-1629'),('863-71-0286','SubUrbia','Launchers',3721,'5549743965','829-35-7879'),('884-48-8930','John Q','Pistols',4724,'8757935904','705-58-0313');
/*!40000 ALTER TABLE `weapon_type_directory` ENABLE KEYS */;
UNLOCK TABLES;
/*!40103 SET TIME_ZONE=@OLD_TIME_ZONE */;

/*!40101 SET SQL_MODE=@OLD_SQL_MODE */;
/*!40014 SET FOREIGN_KEY_CHECKS=@OLD_FOREIGN_KEY_CHECKS */;
/*!40014 SET UNIQUE_CHECKS=@OLD_UNIQUE_CHECKS */;
/*!40101 SET CHARACTER_SET_CLIENT=@OLD_CHARACTER_SET_CLIENT */;
/*!40101 SET CHARACTER_SET_RESULTS=@OLD_CHARACTER_SET_RESULTS */;
/*!40101 SET COLLATION_CONNECTION=@OLD_COLLATION_CONNECTION */;
/*!40111 SET SQL_NOTES=@OLD_SQL_NOTES */;

-- Dump completed on 2022-12-10  1:18:01
